cooling demand,cooling electricity consumption,heating electricity consumption,dhw demand,dhw electricity consumption,dhw storage electricity consumption,positive dhw storage electricity consumption,negative dhw storage electricity consumption,electrical storage electricity consumption,positive electrical storage electricity consumption,negative electrical storage electricity consumption,energy from cooling device,energy from dhw device,energy from dhw device to dhw storage,energy from dhw storage,energy from electrical storage,energy from heating device,energy to electrical storage,energy to non shiftable load,net electricity consumption,net fuel consumption,net fuel cost,net fuel emission,positive net electricity consumption,negative net electricity consumption,net electricity consumption without storage,net electricity consumption without storage and pv,net electricity consumption without storage and partial load,net electricity consumption without storage and partial load and pv,non shiftable load,solar generation
0.5179084,0.02589542,0.0,0.55409825,0.58086765,0.0,0.0,0.0,0.0,0.0,0.0,0.5179084,0.0,0.0,0.0,0.0,22.597143,0.0,3.7320297,3.757924973964691,25.085476279258728,3.4710722975432873,0.0,3.757924973964691,0.0,3.757925,3.757925,3.757925,3.757925,3.7320297,0.0
0.0784016,0.00392008,0.0,1.6968564,1.8143165,0.0,0.0,0.0,0.0,0.0,0.0,0.0784016,0.0,0.0,0.0,0.0,23.539536,0.0,3.6150222,3.618941977620125,30.7314812541008,4.2523088827729225,0.0,3.618941977620125,0.0,-0.93422425,-0.93422425,-0.93422425,-0.93422425,3.6150222,0.0
0.0,0.0,0.0,0.0,0.0,0.0,0.0,0.0,1.418658,1.418658,0.0,0.0,0.0,0.0,0.0,0.0,22.04324,1.418658,3.5508103,4.9694682359695435,41.78582698106766,5.781896494328976,0.0,4.9694682359695435,0.0,-12.413255,-12.413255,-12.413255,-12.413255,3.5508103,0.0
0.0,0.0,0.0,9.574434,10.2694845,0.0,0.0,0.0,3.7227523,3.7227523,0.0,0.0,0.0,0.0,0.0,0.8754658,22.906172,4.598218,3.5296628,7.252414911985397,38.025587141513824,5.261592835187912,0.0,7.252414911985397,0.0,-8.094826,-8.094826,-8.094826,-8.094826,3.5296628,0.0
0.0,0.0,0.0,2.800099,2.9565358,0.0,0.0,0.0,1.0452216,1.0452216,0.0,0.0,0.0,0.0,0.0,1.9486256,17.921968,2.9938471,3.6319237,4.677145466208458,23.869096338748932,3.30276208370924,0.0,4.677145466208458,0.0,4.5967665,4.5967665,4.5967665,4.5967665,3.6319237,0.0
0.0,0.0,0.0,9.05272,9.72924,0.0,0.0,0.0,0.39520982,0.39520982,0.0,0.0,0.0,0.0,0.0,1.2070669,21.222912,1.6022768,4.075663,4.470873177051544,26.940545052289963,3.7277577836066484,0.0,4.470873177051544,0.0,3.5692084,3.5692084,3.5692084,3.5692084,4.075663,0.0
0.0,0.0,0.0,1.0017229,1.0607836,0.0,0.0,0.0,0.96213424,0.96213424,0.0,0.0,0.0,0.0,0.0,1.6309448,25.07446,2.593079,11.325153,12.287288635969162,35.64399969577789,4.9320530742406845,0.0,12.287288635969162,0.0,6.5247183,6.5247183,6.5247183,6.5247183,11.325153,0.0
0.0,0.0,0.0,0.42105627,0.46100706,0.0,0.0,0.0,2.0101314,2.0101314,0.0,0.0,0.0,0.0,0.0,2.4220405,31.543604,4.432172,9.3997555,11.409886538982391,37.148876905441284,5.14028262346983,0.0,11.409886538982391,0.0,10.67625,10.67625,10.67625,10.67625,9.3997555,0.0
0.0,0.0,0.0,1.3109986,1.3908651,0.0,0.0,0.0,-3.5149827,0.0,-3.5149827,0.0,0.0,0.0,0.0,3.5149827,21.397045,0.0,4.7990527,1.0685427114367485,32.54280769824982,4.502941727638245,0.0,1.0685427114367485,0.0,1.7554193,1.9709466,1.7554193,1.9709466,4.7990527,-0.21552716
0.0,0.0,0.0,3.1853704,3.3761292,0.0,0.0,0.0,0.51879567,0.51879567,0.0,0.0,0.0,0.0,0.0,1.4201679,18.962605,1.9389637,5.310424,5.195191524922848,31.54553609341383,4.364949498325586,0.0,5.195191524922848,0.0,-2.942898,-2.3088696,-2.942898,-2.3088696,5.310424,-0.6340283
0.0,0.0,0.0,5.850975,6.2232904,0.0,0.0,0.0,-0.64209086,0.0,-0.64209086,0.0,0.0,0.0,0.0,1.5413742,5.4172773,0.8992833,5.063995,3.406546041369438,14.091994993388653,1.949906513094902,0.0,3.406546041369438,0.0,7.106062,8.121419,7.106062,8.121419,5.063995,-1.0153577
0.39462873,0.019731436,0.0,1.726432,1.8614959,0.0,0.0,0.0,4.396546,4.396546,0.0,0.39462873,0.0,0.0,0.0,0.39842674,9.142714,4.794973,5.122431,8.22471584379673,19.992560267448425,2.7663665115833282,0.0,8.22471584379673,0.0,-3.2242708,-1.9102788,-3.2242708,-1.9102788,5.122431,-1.3139925
1.2472739,0.07381818,0.0,1.1173536,1.1641479,0.0,0.0,0.0,1.8602968,1.8602968,0.0,1.2472739,0.0,0.0,0.0,0.89238435,5.4340644,2.7526813,7.2759995,7.852363392710686,21.02351702004671,2.909019843675196,0.0,7.852363392710686,0.0,-7.9006214,-6.54287,-7.9006214,-6.54287,7.2759995,-1.3577511
2.4020748,0.16699342,0.0,1.4731286,1.5256222,0.0,0.0,0.0,-1.5994134,0.0,-1.5994134,2.4020748,0.0,0.0,0.0,1.6490147,4.0847077,0.049601432,5.1050835,2.3582630902528763,11.79230509721674,1.6316989373444812,0.0,2.3582630902528763,0.0,-3.173425,-1.8590238,-3.173425,-1.8590238,5.1050835,-1.3144007
3.8788836,0.2693658,0.0,2.2755148,2.393033,0.0,0.0,0.0,-0.4540265,0.0,-0.4540265,3.8788836,0.0,0.0,0.0,0.4805648,0.0,0.026538301,4.925302,3.6082555800676346,0.07928713038563728,0.010970944655127823,0.0,3.6082555800676346,0.0,7.0530696,8.185455,7.0530696,8.185455,4.925302,-1.1323856
4.6778016,0.33918932,0.0,2.73843,2.8719354,0.0,0.0,0.0,0.8453484,0.8453484,0.0,4.6778016,0.0,0.0,0.0,0.13014595,1.5874946,0.9754944,6.7917924,7.198893815279007,2.495275420602411,0.3452707480173558,0.0,7.198893815279007,0.0,7.003607,7.7810426,6.3141274,7.091563,6.7917924,-0.777436
3.6402776,0.21269456,0.0,1.7483085,1.847391,0.0,0.0,0.0,3.2602658,3.2602658,0.0,3.6402776,0.0,0.0,0.0,0.8396397,11.687012,4.099906,13.952957,17.13198161125183,15.695013470947742,2.1717158667743206,0.0,17.13198161125183,0.0,13.407518,13.701454,1.8241396,2.1180754,13.952957,-0.2939357
2.9393883,0.14696941,0.0,4.7876487,5.2277145,0.0,0.0,0.0,1.1439897,1.1439897,0.0,2.9393883,0.0,0.0,0.0,2.1773314,4.523756,3.3213212,8.026304,9.317263036966324,9.22614348307252,1.2766196243464947,0.0,9.317263036966324,0.0,12.606788,12.606788,3.2933683,3.2933683,8.026304,0.0
5.595619,0.28178015,0.0,5.145878,5.504556,0.0,0.0,0.0,0.014752179,0.014752179,0.0,5.595619,0.0,0.0,0.0,1.0977604,12.7899065,1.1125126,9.323924,9.620455622673035,19.27590400679037,2.6672029432374984,0.0,9.620455622673035,0.0,6.0549827,6.0549827,-4.6235447,-4.6235447,9.323924,0.0
6.0266633,0.30377686,0.0,5.4660807,5.9389462,0.0,0.0,0.0,-0.21687424,0.0,-0.21687424,6.0266633,0.0,0.0,0.0,3.3345437,11.804435,3.1176693,17.215048,17.301949590444565,13.906847266480327,1.9242876470088959,0.0,17.301949590444565,0.0,17.034365,17.034365,12.529426,12.529426,17.215048,0.0
5.15934,0.2644985,0.0,5.163835,5.446694,0.0,0.0,0.0,-1.9574203,0.0,-1.9574203,5.15934,0.0,0.0,0.0,3.447416,4.0526385,1.4899957,8.936959,7.244036823511124,10.92658031359315,1.5119087321218103,0.0,7.244036823511124,0.0,5.9325933,5.9325933,10.687566,10.687566,8.936959,0.0
8.02895,0.40144747,0.0,2.8514667,3.075914,0.0,0.0,0.0,-1.3445209,0.0,-1.3445209,8.02895,0.0,0.0,0.0,2.6382349,5.6579432,1.293714,8.203104,7.260031163692474,11.493897195905447,1.5904082474298775,0.0,7.260031163692474,0.0,4.6613946,4.6613946,12.33163,12.33163,8.203104,0.0
6.4115963,0.3205798,0.0,1.911879,2.0588846,0.0,0.0,0.0,0.18758011,0.18758011,0.0,6.4115963,0.0,0.0,0.0,1.1581085,0.41109627,1.3456886,5.461395,5.969554841518402,0.630037410184741,0.08717814600095153,0.0,5.969554841518402,0.0,10.904957,10.904957,24.461267,24.461267,5.461395,0.0
4.405181,0.22025904,0.0,1.2959914,1.3782423,0.0,0.0,0.0,-0.6223,0.0,-0.6223,4.405181,0.0,0.0,0.0,0.7481557,5.1672835,0.12585568,4.153739,3.7516980916261673,7.451029809191823,1.0309975126292557,0.0,3.7516980916261673,0.0,8.754328,8.754328,13.032938,13.032938,4.153739,0.0
8.226325,0.41131628,0.0,4.915236,5.236507,0.0,0.0,0.0,3.605504,3.605504,0.0,8.226325,0.0,0.0,0.0,0.10608872,5.497739,3.7115927,3.7934747,7.810295283794403,6.4936429020017385,0.8985240627080202,0.0,7.810295283794403,0.0,4.6968546,4.6968546,16.439548,16.439548,3.7934747,0.0
9.298147,0.46490735,0.0,0.2275216,0.24910937,0.0,0.0,0.0,-1.8242258,0.0,-1.8242258,9.298147,0.0,0.0,0.0,3.0169272,0.72314215,1.1927013,3.6819863,2.3226678520441055,7.1085904985666275,0.9836142137646675,0.0,2.3226678520441055,0.0,2.5309424,2.5309424,20.66766,20.66766,3.6819863,0.0
5.997429,0.29987147,0.0,0.0,0.0,0.0,0.0,0.0,3.0196104,3.0196104,0.0,5.997429,0.0,0.0,0.0,0.0,5.713006,3.0196104,3.559875,6.879356563091278,7.532388675957918,1.042255129199475,0.0,6.879356563091278,0.0,5.806093,5.806093,16.378162,16.378162,3.559875,0.0
8.356327,0.41781634,0.0,0.68142587,0.70519525,0.0,0.0,0.0,3.7935464,3.7935464,0.0,8.356327,0.0,0.0,0.0,0.8711484,5.6617274,4.664695,3.5135593,7.724921464920044,10.366390407085419,1.4343953725183383,0.0,7.724921464920044,0.0,1.3858905,1.3858905,16.728874,16.728874,3.5135593,0.0
4.5802884,0.22901444,0.0,0.7638672,0.83634466,0.0,0.0,0.0,-0.49496347,0.0,-0.49496347,4.5802884,0.0,0.0,0.0,2.4225507,8.449467,1.9275874,3.607561,3.341612219810486,9.565045155584812,1.3235133904963732,0.0,3.341612219810486,0.0,6.3461013,6.3461013,17.426088,17.426088,3.607561,0.0
5.6158295,0.28079146,0.0,2.6939068,2.9495108,0.0,0.0,0.0,-1.3713647,0.0,-1.3713647,5.6158295,0.0,0.0,0.0,2.6692476,10.605434,1.297883,3.8875408,2.7969674170017242,14.445371884852648,1.9988031680695713,0.0,2.7969674170017242,0.0,1.7700901,1.7700901,16.21322,16.21322,3.8875408,0.0
8.344406,0.4172203,0.0,4.913988,5.316978,0.0,0.0,0.0,-0.1782434,0.0,-0.1782434,8.344406,0.0,0.0,0.0,2.8320107,2.0419462,2.6537676,4.859797,5.098773866891861,2.398025620728731,0.3318143296055496,0.0,5.098773866891861,0.0,15.816841,15.816841,31.32014,31.32014,4.859797,0.0
7.803964,0.39019823,0.0,5.4708753,5.8611197,0.0,0.0,0.0,-0.94094205,0.0,-0.94094205,7.803964,0.0,0.0,0.0,2.614686,3.983107,1.673744,5.368897,4.818152993917465,9.679976735264063,1.3394164605997503,0.0,4.818152993917465,0.0,1.4493114,1.4493114,21.966717,21.966717,5.368897,0.0
2.9909286,0.14954644,0.0,4.1056614,4.335792,0.0,0.0,0.0,0.24043101,0.24043101,0.0,2.9909286,0.0,0.0,0.0,1.4721189,8.727926,1.7125499,5.8803415,6.064479500055313,16.056806355714798,2.2217771094292402,0.0,6.064479500055313,0.0,3.029117,3.2349565,18.479647,18.685486,5.8803415,-0.20583916
1.9079307,0.10323521,0.0,4.178787,4.4350495,0.0,0.0,0.0,2.3469925,2.3469925,0.0,1.9079307,0.0,0.0,0.0,1.1705544,17.756819,3.5175467,6.3399916,8.287593511864543,22.608099818229675,3.128278225660324,0.0,8.287593511864543,0.0,9.326114,9.828738,6.1233435,6.625969,6.3399916,-0.5026256
5.7023754,0.35064968,0.0,4.150868,4.37995,0.0,0.0,0.0,-2.5603547,0.0,-2.5603547,5.7023754,0.0,0.0,0.0,2.856221,5.5307,0.2958663,7.1618633,4.457668483257294,6.4034817814826965,0.8860484641045332,0.0,4.457668483257294,0.0,9.289558,9.784048,18.485329,18.979816,7.1618633,-0.4944892
2.8534117,0.22902037,0.0,6.1097994,6.5263586,0.0,0.0,0.0,0.42630327,0.42630327,0.0,2.8534117,0.0,0.0,0.0,0.26173988,9.981281,0.6880431,5.8849897,6.158128634095192,14.181970655918121,1.9623563960194588,0.0,6.158128634095192,0.0,8.032645,8.414831,9.943149,10.325333,5.8849897,-0.38218445
3.9086993,0.31040066,0.0,7.7314477,8.141221,0.0,0.0,0.0,2.8783903,2.8783903,0.0,3.9086993,0.0,0.0,0.0,1.1066865,3.0062275,3.9850767,6.0832696,8.934778317809105,13.670218080282211,1.8915453217923641,0.0,8.934778317809105,0.0,-2.5180235,-2.1807413,4.9651766,5.302458,6.0832696,-0.33728218
7.7363853,0.5654537,0.0,2.9784703,3.1681092,0.0,0.0,0.0,-3.3538156,0.0,-3.3538156,7.7363853,0.0,0.0,0.0,3.3881598,2.188666,0.034344215,5.8120666,2.7228749841451645,2.577179182320833,0.35660375468432903,0.0,2.7228749841451645,0.0,10.843892,11.144721,18.028763,18.329594,5.8120666,-0.30082926
2.432076,0.13581406,0.0,1.3429806,1.4356565,0.0,0.0,0.0,-0.35377264,0.0,-0.35377264,2.432076,0.0,0.0,0.0,0.9939904,19.92623,0.6402178,6.851317,6.454800546169281,28.01437422633171,3.8763434179127216,0.0,6.454800546169281,0.0,4.057994,4.2365522,-6.4587245,-6.2801666,6.851317,-0.17855817
2.9339805,0.19585687,0.0,0.7527381,0.8067728,0.0,0.0,0.0,-0.607882,0.0,-0.607882,2.9339805,0.0,0.0,0.0,0.6843163,10.651399,0.07643427,5.8712144,5.3477765545248985,17.969334214925766,2.4864131044596434,0.0,5.3477765545248985,0.0,2.1714642,2.2828765,2.8848345,2.9962463,5.8712144,-0.111412436
3.047077,0.17652746,0.0,4.17373,4.4248724,0.0,0.0,0.0,4.484265,4.484265,0.0,3.047077,0.0,0.0,0.0,0.10658346,8.0186825,4.5908484,8.358364,12.98613691329956,10.688116773962975,1.4789125805255026,0.0,12.98613691329956,0.0,13.647376,13.680395,10.994362,11.027382,8.358364,-0.033020098
3.7101448,0.23715337,0.0,5.300394,5.6682405,0.0,0.0,0.0,-1.9557275,0.0,-1.9557275,3.7101448,0.0,0.0,0.0,1.9808301,5.357685,0.025102574,8.553326,6.834751218557358,15.241974841803312,2.109028969076462,0.0,6.834751218557358,0.0,0.81760573,0.81760573,6.7562137,6.7562137,8.553326,0.0
4.8363495,0.3012128,0.0,3.089829,3.2983348,0.0,0.0,0.0,-0.19269654,0.0,-0.19269654,4.8363495,0.0,0.0,0.0,0.6672362,8.840989,0.47453967,8.691536,8.800052165985107,15.011521841632202,2.0771412306348793,0.0,8.800052165985107,0.0,10.979752,10.979752,7.795677,7.795677,8.691536,0.0
2.7377782,0.18184029,0.0,6.0011263,6.3874187,0.0,0.0,0.0,-0.04192373,0.0,-0.04192373,2.7377782,0.0,0.0,0.0,1.8331056,12.452314,1.7911819,11.241673,11.38159030675888,20.365485191345215,2.8179680914618075,0.0,11.38159030675888,0.0,7.446429,7.446429,5.661602,5.661602,11.241673,0.0
2.9776924,0.21244405,0.0,5.543622,5.8980155,0.0,0.0,0.0,-0.5811411,0.0,-0.5811411,2.9776924,0.0,0.0,0.0,1.2974693,11.296715,0.7163282,11.66696,11.298262178897858,17.45252731628716,2.414902683813125,0.0,11.298262178897858,0.0,9.223488,9.223488,6.919678,6.919678,11.66696,0.0
3.274529,0.1826013,0.0,1.8263682,1.9334197,0.0,0.0,0.0,1.7019484,1.7019484,0.0,3.274529,0.0,0.0,0.0,1.2106844,9.109909,2.912633,8.4584055,10.342955559492111,13.790369706228375,1.908170689130202,0.0,10.342955559492111,0.0,10.825545,10.825545,8.37715,8.37715,8.4584055,0.0
6.0408564,0.33789307,0.0,1.1446881,1.2220585,0.0,0.0,0.0,2.437128,2.437128,0.0,6.0408564,0.0,0.0,0.0,0.86584944,10.327364,3.3029776,5.811026,8.586047351360321,16.011889684945345,2.215561944525689,0.0,8.586047351360321,0.0,2.0920737,2.0920737,5.3797727,5.3797727,5.811026,0.0
7.2561927,0.36591223,0.0,0.7470935,0.7898733,0.0,0.0,0.0,-1.410654,0.0,-1.410654,7.2561927,0.0,0.0,0.0,3.9052215,12.257549,2.4945674,4.263768,3.2190263271331787,20.10643482580781,2.7821233668364584,0.0,3.2190263271331787,0.0,-1.4352336,-1.4352336,5.2040844,5.2040844,4.263768,0.0
7.4758444,0.37639472,0.0,0.7718555,0.8278879,0.0,0.0,0.0,-0.7702899,0.0,-0.7702899,7.4758444,0.0,0.0,0.0,2.9032488,5.8277144,2.132959,3.8184724,3.424577057361603,8.005091726779938,1.1076629147864878,0.0,3.424577057361603,0.0,3.228128,3.228128,15.574499,15.574499,3.8184724,0.0
5.150641,0.25970152,0.0,0.19324495,0.19998568,0.0,0.0,0.0,-0.18104717,0.0,-0.18104717,5.150641,0.0,0.0,0.0,0.31196505,11.637165,0.13091786,3.6901891,3.7688433825969696,14.067342760041356,1.946495404932648,0.0,3.7688433825969696,0.0,5.492938,5.492938,5.730604,5.730604,3.6901891,0.0
6.302216,0.3151108,0.0,0.7645665,0.8371103,0.0,0.0,0.0,1.220412,1.220412,0.0,6.302216,0.0,0.0,0.0,0.67681026,3.9823303,1.8972223,3.499259,5.034781605005264,13.093438148498535,1.81173637509346,0.0,5.034781605005264,0.0,-1.6922103,-1.6922103,8.665868,8.665868,3.499259,0.0
10.265053,0.5132527,0.0,0.0,0.0,0.0,0.0,0.0,0.96592236,0.96592236,0.0,10.265053,0.0,0.0,0.0,1.7959965,3.3429978,2.7619188,5.5290895,7.008264094591141,6.946344926953316,0.9611643347889185,0.0,7.008264094591141,0.0,2.7927537,2.7927537,18.159466,18.159466,5.5290895,0.0
6.739976,0.3369988,0.0,0.7214613,0.7544608,0.0,0.0,0.0,1.7775009,1.7775009,0.0,6.739976,0.0,0.0,0.0,0.7612834,4.217948,2.5387843,4.8045983,6.919098407030106,4.967178115155548,0.6873074306640774,0.0,6.919098407030106,0.0,8.867444,8.867444,20.436604,20.436604,4.8045983,0.0
6.398698,0.3199349,0.0,4.0457244,4.277409,0.0,0.0,0.0,-3.0475767,0.0,-3.0475767,6.398698,0.0,0.0,0.0,3.6105075,6.301137,0.56293106,3.8547754,1.1271337568759918,7.744727810379118,1.071636403677985,0.0,1.1271337568759918,0.0,5.7966566,5.7966566,19.621733,19.621733,3.8547754,0.0
4.1458416,0.20729208,0.0,1.6526675,1.7533486,0.0,0.0,0.0,2.6903129,2.6903129,0.0,4.1458416,0.0,0.0,0.0,0.21572423,7.840476,2.9060373,5.4693446,8.366949498653412,12.925317972898483,1.788473628461361,0.0,8.366949498653412,0.0,6.2575827,6.2575827,14.183878,14.183878,5.4693446,0.0
7.277342,0.36386707,0.0,1.4319488,1.5494275,0.0,0.0,0.0,-0.75421906,0.0,-0.75421906,7.277342,0.0,0.0,0.0,2.1825855,1.150265,1.4283664,5.0414534,4.651101529598236,1.9287116415798664,0.26687544165179133,0.0,4.651101529598236,0.0,6.6077094,6.6077094,32.639576,32.639576,5.0414534,0.0
7.0342383,0.35431838,0.0,5.044855,5.445116,0.0,0.0,0.0,-0.42771536,0.0,-0.42771536,7.0342383,0.0,0.0,0.0,1.6402073,3.1587644,1.212492,12.912793,12.835704825818539,5.896504934877157,0.815898188855499,0.0,12.835704825818539,0.0,18.186634,18.190325,35.142696,35.14639,12.912793,-0.003690656
5.3666725,0.29971218,0.0,6.1065273,6.463415,0.0,0.0,0.0,-0.12707627,0.0,-0.12707627,5.3666725,0.0,0.0,0.0,1.5366769,4.0826607,1.4096006,5.2806144,5.3937965631484985,9.415344506502151,1.3027993254363537,0.0,5.3937965631484985,0.0,2.1583123,2.2177658,21.547333,21.606787,5.2806144,-0.059453655
3.45919,0.24840933,0.0,5.1093745,5.5742173,0.0,0.0,0.0,1.7128952,1.7128952,0.0,3.45919,0.0,0.0,0.0,0.0,3.4221826,1.7128952,5.0106754,6.848888248205185,4.569194536656141,0.6322385207749903,0.0,6.848888248205185,0.0,9.549312,9.672402,26.06374,26.186832,5.0106754,-0.12309133
3.7102835,0.26957932,0.0,3.069091,3.3602934,0.0,0.0,0.0,1.143903,1.143903,0.0,3.7102835,0.0,0.0,0.0,1.0884358,7.4266114,2.232339,5.1289353,6.465369403362274,11.17415190115571,1.5461651592049748,0.0,6.465369403362274,0.0,4.5372663,4.614315,15.207199,15.284247,5.1289353,-0.077048376
5.686655,0.31421083,0.0,1.6771257,1.7771279,0.0,0.0,0.0,1.9164155,1.9164155,0.0,5.686655,0.0,0.0,0.0,1.0952193,0.5508354,3.0116348,5.231066,7.346223086118698,8.546214148402214,1.1825379189103842,0.0,7.346223086118698,0.0,-1.2787436,-1.1632736,15.865477,15.980945,5.231066,-0.11546967
5.031475,0.25420365,0.0,3.386189,3.6411555,0.0,0.0,0.0,-2.527951,0.0,-2.527951,5.031475,0.0,0.0,0.0,3.7546325,5.9340906,1.2266814,4.91543,2.5594100058078766,6.978037890046835,0.96554969844874,0.0,2.5594100058078766,0.0,8.598091,8.680364,17.668598,17.750872,4.91543,-0.082272604
4.845049,0.2875522,0.0,2.1278472,2.3125393,0.0,0.0,0.0,2.4924347,2.4924347,0.0,4.845049,0.0,0.0,0.0,0.19679044,8.552778,2.6892252,5.252328,7.944892466068268,13.344974426552653,1.8465414242818952,0.0,7.944892466068268,0.0,4.650304,4.737726,9.964555,10.051976,5.252328,-0.08742216
7.008951,0.39707166,0.0,3.0682874,3.2803354,0.0,0.0,0.0,-0.5589931,0.0,-0.5589931,7.008951,0.0,0.0,0.0,3.7501705,6.5323167,3.1911774,6.4477077,6.205224052071571,17.716991731431335,2.4514965920243412,0.0,6.205224052071571,0.0,-3.8474965,-3.7669346,6.9377785,7.0183387,6.4477077,-0.08056173
4.333804,0.23799232,0.0,0.21975395,0.23044008,0.0,0.0,0.0,2.9908957,2.9908957,0.0,4.333804,0.0,0.0,0.0,1.238485,10.902608,4.2293806,8.315994,11.512788861989975,13.083268878981471,1.8103292770683765,0.0,11.512788861989975,0.0,10.625956,10.658048,15.2154,15.247492,8.315994,-0.03209231
2.655819,0.14307617,0.0,1.7902912,1.908361,0.0,0.0,0.0,-1.6578373,0.0,-1.6578373,2.655819,0.0,0.0,0.0,2.7878509,4.1683817,1.1300135,9.157873,7.643112272024155,4.794137129094452,0.6633637978229672,0.0,7.643112272024155,0.0,17.34657,17.34657,23.781994,23.781994,9.157873,0.0
8.159781,0.44002008,0.0,6.873329,7.4428077,0.0,0.0,0.0,-3.1048894,0.0,-3.1048894,8.159781,0.0,0.0,0.0,3.1048894,3.5236223,0.0,14.3521,11.687229990959167,4.86037340015173,0.6725288820452988,0.0,11.687229990959167,0.0,16.871006,16.871006,26.490211,26.490211,14.3521,0.0
5.699291,0.29544243,0.0,2.4492872,2.635088,0.0,0.0,0.0,-0.075781584,0.0,-0.075781584,5.699291,0.0,0.0,0.0,1.3260396,15.354527,1.2502581,10.030643,10.2503043115139,19.98220146819949,2.764933264348656,0.0,10.2503043115139,0.0,8.164383,8.164383,7.390112,7.390112,10.030643,0.0
5.1610227,0.27310202,0.0,4.371874,4.597304,0.0,0.0,0.0,0.42888176,0.42888176,0.0,5.1610227,0.0,0.0,0.0,1.3658589,8.313488,1.7947407,11.796099,12.498082160949707,13.191297885030508,1.8252772479318082,0.0,12.498082160949707,0.0,8.463917,8.463917,18.747574,18.747574,11.796099,0.0
4.3358026,0.21986347,0.0,9.041281,9.658122,0.0,0.0,0.0,4.142068,4.142068,0.0,4.3358026,0.0,0.0,0.0,0.0119011775,4.8899193,4.153969,7.84369,12.205621242523193,9.417702721431851,1.303125633392483,0.0,12.205621242523193,0.0,6.309248,6.309248,16.56345,16.56345,7.84369,0.0
6.4045844,0.3829835,0.0,5.1580877,5.471383,0.0,0.0,0.0,-1.1048235,0.0,-1.1048235,6.4045844,0.0,0.0,0.0,2.8697333,3.9497032,1.7649097,5.877157,5.155317157506943,10.296763643622398,1.4247610922902822,0.0,5.155317157506943,0.0,2.9037473,2.9037473,17.443352,17.443352,5.877157,0.0
6.021392,0.35260707,0.0,0.92903125,0.9772607,0.0,0.0,0.0,-0.34835282,0.0,-0.34835282,6.021392,0.0,0.0,0.0,0.79508305,13.124834,0.44673023,4.1739855,4.178239926695824,15.132183279842138,2.093837118241936,0.0,4.178239926695824,0.0,6.434823,6.434823,5.904353,5.904353,4.1739855,0.0
3.9541738,0.27255297,0.0,0.0,0.0,0.0,0.0,0.0,-4.302782,0.0,-4.302782,3.9541738,0.0,0.0,0.0,4.491432,13.13125,0.1886497,3.7623117,-0.26791760325431824,18.609301436692476,2.5749653088860214,0.0,0.0,-0.26791760325431824,1.5626167,1.5626167,0.7073089,0.7073089,3.7623117,0.0
5.0307956,0.29736045,0.0,3.0654955,3.3563566,0.0,0.0,0.0,2.485804,2.485804,0.0,5.0307956,0.0,0.0,0.0,0.73499346,4.361394,3.2207975,3.633708,6.416872456669807,6.520275574177504,0.9022092311643064,0.0,6.416872456669807,0.0,10.7723465,10.7723465,13.375547,13.375547,3.633708,0.0
4.9633374,0.27942005,0.0,0.0,0.0,0.0,0.0,0.0,-1.2453489,0.0,-1.2453489,4.9633374,0.0,0.0,0.0,1.7578143,0.04520309,0.5124654,3.499259,2.5333299189805984,9.747084636241198,1.3487021354958415,0.0,2.5333299189805984,0.0,-0.5340653,-0.5340653,11.6102295,11.6102295,3.499259,0.0
4.883031,0.2786428,0.0,0.0,0.0,0.0,0.0,0.0,1.1232733,1.1232733,0.0,4.883031,0.0,0.0,0.0,0.114627734,10.285206,1.237901,3.4852514,4.887167602777481,15.64110105112195,2.16425602696836,0.0,4.887167602777481,0.0,1.3670994,1.3670994,6.0609736,6.0609736,3.4852514,0.0
7.8125634,0.4451719,0.0,2.8938081,2.9947495,0.0,0.0,0.0,0.21383208,0.21383208,0.0,7.8125634,0.0,0.0,0.0,0.43431723,1.6330343,0.6481493,3.572319,4.231323093175888,4.959009604528546,0.6861771536059678,0.0,4.231323093175888,0.0,3.3648107,3.3648107,16.49725,16.49725,3.572319,0.0
4.7861257,0.2753929,0.0,7.7012377,8.431949,0.0,0.0,0.0,1.3667884,1.3667884,0.0,4.7861257,0.0,0.0,0.0,0.012132907,10.941296,1.3789213,3.6530313,5.295213103294373,16.051020085811615,2.220976447686553,0.0,5.295213103294373,0.0,5.068001,5.068001,5.743407,5.743407,3.6530313,0.0
8.382061,0.47516578,0.0,1.4077803,1.5099773,0.0,0.0,0.0,0.4317721,0.4317721,0.0,8.382061,0.0,0.0,0.0,0.44290936,4.1947846,0.8746815,5.7005367,6.607474684715271,5.849213482346386,0.809354503871873,0.0,6.607474684715271,0.0,5.841802,5.841802,18.18159,18.18159,5.7005367,0.0
4.2036223,0.25988567,0.0,0.88059866,0.94452524,0.0,0.0,0.0,-1.5153764,0.0,-1.5153764,4.2036223,0.0,0.0,0.0,1.6636065,9.343565,0.14823009,5.401501,4.146010190248489,17.82923797890544,2.4670281135477126,0.0,4.146010190248489,0.0,2.2627075,2.2627075,11.59376,11.59376,5.401501,0.0
3.899372,0.32353655,0.0,1.3565714,1.410578,0.0,0.0,0.0,-0.94018567,0.0,-0.94018567,3.899372,0.0,0.0,0.0,1.7359943,9.48583,0.7958087,5.7156506,5.050932288169861,15.521696040406823,2.1477338862605393,0.0,5.050932288169861,0.0,1.5624332,1.6105025,10.774258,10.822329,5.7156506,-0.04806945
4.6288695,0.30697274,0.0,11.271208,11.95982,0.0,0.0,0.0,-0.024991572,0.0,-0.024991572,4.6288695,0.0,0.0,0.0,2.5829842,4.583596,2.5579925,5.6267896,5.568785130977631,12.09852564893663,1.6740705762058496,0.0,5.568785130977631,0.0,-1.0004244,-0.6604385,12.885881,13.225868,5.6267896,-0.33998597
5.3658943,0.35987246,0.0,14.122168,15.110644,0.0,0.0,0.0,3.7886357,3.7886357,0.0,5.3658943,0.0,0.0,0.0,0.8424314,0.18332928,4.6310673,12.633922,16.239999175071716,0.5214700028300285,0.07215569890104234,0.0,16.239999175071716,0.0,14.791798,15.3342285,24.646366,25.188797,12.633922,-0.54243165
3.633286,0.31016964,0.0,4.700573,5.0146966,0.0,0.0,0.0,-2.7912016,0.0,-2.7912016,3.633286,0.0,0.0,0.0,3.4495635,11.872255,0.6583619,13.528502,10.521817058324814,15.435885345563293,2.1358603481203318,0.0,10.521817058324814,0.0,13.803465,14.32912,8.252446,8.7781,13.528502,-0.5256542
1.9366751,0.19866718,0.0,2.712135,2.8664281,0.0,0.0,0.0,4.654177,4.654177,0.0,1.9366751,0.0,0.0,0.0,1.6743137,5.5281515,6.328491,10.370317,14.784730032086372,6.4667638428509235,0.8948047864250839,0.0,14.784730032086372,0.0,12.990416,13.428846,13.156359,13.59479,10.370317,-0.43843147
3.2304745,0.34340832,0.0,0.7652592,0.83786875,0.0,0.0,0.0,1.7867411,1.7867411,0.0,3.2304745,0.0,0.0,0.0,1.4853938,8.001261,3.2721348,5.001953,6.776999339461327,10.972432520240545,1.5182532710023224,0.0,6.776999339461327,0.0,8.153395,8.508497,5.139444,5.494547,5.001953,-0.35510328
1.6972985,0.22967227,0.0,0.7652542,0.83786327,0.0,0.0,0.0,0.8432293,0.8432293,0.0,1.6972985,0.0,0.0,0.0,2.1685576,0.8057573,3.011787,7.5202518,8.036627918481827,4.9162003714591265,0.6802536572795361,0.0,8.036627918481827,0.0,14.50359,15.060114,9.315946,9.872473,7.5202518,-0.5565253
4.2103357,0.30956313,0.0,1.6316473,1.7423414,0.0,0.0,0.0,-0.1373508,0.0,-0.1373508,4.2103357,0.0,0.0,0.0,3.2029002,12.0869255,3.0655494,7.367715,6.930998593568802,15.490976192057133,2.1434832513332367,0.0,6.930998593568802,0.0,9.280729,9.889658,0.7650677,1.373996,7.367715,-0.60892814
4.3802605,0.38561234,0.0,4.458223,4.7401347,0.0,0.0,0.0,-0.6773314,0.0,-0.6773314,4.3802605,0.0,0.0,0.0,2.297371,0.0,1.6200395,8.763194,8.274912297725677,2.9620835669338703,0.4098629164509475,0.0,8.274912297725677,0.0,10.996845,11.193408,13.9382305,14.134793,8.763194,-0.19656277
5.9936485,0.5154629,0.0,3.4209914,3.629165,0.0,0.0,0.0,-2.0282156,0.0,-2.0282156,5.9936485,0.0,0.0,0.0,2.053472,7.293216,0.025256377,8.286483,6.768468454480171,15.947774279862642,2.2066903677769005,0.0,6.768468454480171,0.0,1.1917088,1.1969706,2.8312156,2.8364766,8.286483,-0.005261715
1.9728447,0.17541434,0.0,1.7390084,1.8199307,0.0,0.0,0.0,1.2918406,1.2918406,0.0,1.9728447,0.0,0.0,0.0,0.06616038,8.790505,1.3580011,11.286424,12.753679811954498,13.563995538279414,1.8768473590025678,0.0,12.753679811954498,0.0,12.504001,12.504001,8.076422,8.076422,11.286424,0.0
1.3467999,0.14334714,0.0,7.236285,7.6596756,0.0,0.0,0.0,-0.04956168,0.0,-0.04956168,1.3467999,0.0,0.0,0.0,2.11656,4.1751876,2.0669985,9.239993,9.333778440952301,9.974395697936416,1.3801551405340433,0.0,9.333778440952301,0.0,8.028303,8.028303,7.9796243,7.9796243,9.239993,0.0
2.2414558,0.17867395,0.0,2.139423,2.2765806,0.0,0.0,0.0,-1.4631512,0.0,-1.4631512,2.2414558,0.0,0.0,0.0,2.9775524,13.180364,1.5144012,8.376606,7.092128217220306,18.847957134246826,2.6079880595207214,0.0,7.092128217220306,0.0,6.4673977,6.4673977,3.6624181,3.6624181,8.376606,0.0
3.6372545,0.3015749,0.0,4.0336475,4.2758636,0.0,0.0,0.0,-3.4156744,0.0,-3.4156744,3.6372545,0.0,0.0,0.0,3.8378263,11.8250265,0.42215168,7.2753763,4.1612770557403564,18.848286390304565,2.608033623546362,0.0,4.1612770557403564,0.0,2.2345066,2.2345066,2.9374335,2.9374335,7.2753763,0.0
3.373387,0.29981723,0.0,1.7973206,1.8833352,0.0,0.0,0.0,-0.6147525,0.0,-0.6147525,3.373387,0.0,0.0,0.0,0.87503105,3.3521316,0.2602786,4.7272787,4.412343308329582,9.306000895332545,1.287669483339414,0.0,4.412343308329582,0.0,-0.36483118,-0.36483118,6.532382,6.532382,4.7272787,0.0
2.7650666,0.23943518,0.0,2.2661893,2.463592,0.0,0.0,0.0,-1.1366267,0.0,-1.1366267,2.7650666,0.0,0.0,0.0,1.2839495,5.8561435,0.14732271,3.9566474,3.059455543756485,8.667518327012658,1.199322777800262,0.0,3.059455543756485,0.0,5.227451,5.227451,9.293309,9.293309,3.9566474,0.0
5.1291637,0.5077456,0.0,0.0,0.0,0.0,0.0,0.0,0.44002602,0.44002602,0.0,5.1291637,0.0,0.0,0.0,0.61093235,4.5216255,1.0509583,3.6417649,4.589536488056183,8.492806605994701,1.175147949368693,0.0,4.589536488056183,0.0,3.5829215,3.5829215,7.7711544,7.7711544,3.6417649,0.0
3.1501122,0.27343965,0.0,0.0,0.0,0.0,0.0,0.0,0.42577565,0.42577565,0.0,3.1501122,0.0,0.0,0.0,0.6945486,9.32386,1.1203243,3.578662,4.27787709236145,11.362487524747849,1.572225097566843,0.0,4.27787709236145,0.0,10.784875,10.784875,4.172838,4.172838,3.578662,0.0
4.6949067,0.35287505,0.0,0.0,0.0,0.0,0.0,0.0,2.693051,2.693051,0.0,4.6949067,0.0,0.0,0.0,0.026740294,7.5330935,2.7197912,3.499259,6.54518461227417,15.083257120102644,2.087067233514972,0.0,6.54518461227417,0.0,-2.3892741,-2.3892741,-1.6256553,-1.6256553,3.499259,0.0
0.93544453,0.10171863,0.0,0.62105626,0.6588912,0.0,0.0,0.0,-0.8428061,0.0,-0.8428061,0.93544453,0.0,0.0,0.0,1.4148107,4.720178,0.57200456,3.5054402,2.7643527686595917,7.279030963778496,1.00719802826643,0.0,2.7643527686595917,0.0,2.8963583,2.8963583,7.3062415,7.3062415,3.5054402,0.0
3.4230633,0.30540714,0.0,0.0,0.0,0.0,0.0,0.0,3.8522506,3.8522506,0.0,3.4230633,0.0,0.0,0.0,0.48978502,7.2812023,4.342036,3.6657405,7.823398232460022,13.635664600878954,1.8867641943506896,0.0,7.823398232460022,0.0,4.6811705,4.6811705,2.356866,2.356866,3.6657405,0.0
2.3832166,0.23703098,0.0,2.024069,2.1399705,0.0,0.0,0.0,0.5505216,0.5505216,0.0,2.3832166,0.0,0.0,0.0,2.1466556,5.161283,2.6971772,5.7892456,6.576797902584076,8.304337475448847,1.1490695042302832,0.0,6.576797902584076,0.0,14.001831,14.001831,9.133631,9.133631,5.7892456,0.0
3.1290216,0.28152847,0.0,7.9994535,8.65843,0.0,0.0,0.0,1.7139806,1.7139806,0.0,3.1290216,0.0,0.0,0.0,1.2854695,1.7844808,2.9994502,4.877068,6.872577488422394,8.608331762254238,1.191133138956502,0.0,6.872577488422394,0.0,5.128602,5.128602,6.2736187,6.2736187,4.877068,0.0
3.4662848,0.3014493,0.0,6.930572,7.3683414,0.0,0.0,0.0,1.4498204,1.4498204,0.0,3.4662848,0.0,0.0,0.0,1.114851,8.689395,2.5646713,7.139757,8.891026347875595,12.020291715860367,1.6632453678175807,0.0,8.891026347875595,0.0,11.913901,11.913901,10.150366,10.150366,7.139757,0.0
2.7265368,0.27179748,0.0,0.837879,0.8542907,0.0,0.0,0.0,-1.7213671,0.0,-1.7213671,2.7265368,0.0,0.0,0.0,3.4905915,8.695284,1.7692244,6.098474,4.52540622651577,17.09851185977459,2.3659176491200924,0.0,4.52540622651577,0.0,2.6266127,2.750111,9.268805,9.392303,6.098474,-0.123498045
2.8620048,0.23924689,0.0,6.1367126,6.6190786,0.0,0.0,0.0,-1.5478961,0.0,-1.5478961,2.8620048,0.0,0.0,0.0,2.833162,8.624425,1.2852659,13.906978,12.456321522593498,17.15642844652757,2.3739315054845065,0.0,12.456321522593498,0.0,11.684136,11.826142,15.074201,15.216206,13.906978,-0.14200597
4.6847477,0.44850758,0.0,1.1312115,1.1830229,0.0,0.0,0.0,3.4587333,3.4587333,0.0,4.6847477,0.0,0.0,0.0,0.13219437,7.354468,3.5909276,7.1335526,10.947186380624771,16.490955115761608,2.2818501747678965,0.0,10.947186380624771,0.0,-0.46273792,-0.3691316,6.9956517,7.0892596,7.1335526,-0.093606696
2.815582,0.2815735,0.0,2.4005172,2.5846055,0.0,0.0,0.0,-1.6191065,0.0,-1.6191065,2.815582,0.0,0.0,0.0,3.0002222,9.164363,1.3811157,8.59871,7.107764571905136,14.431810487061739,1.9969267095439136,0.0,7.107764571905136,0.0,5.7552686,5.908681,7.3888607,7.5422726,8.59871,-0.15341218
3.78029,0.37271267,0.0,2.7789395,2.9562254,0.0,0.0,0.0,1.836838,1.836838,0.0,3.78029,0.0,0.0,0.0,0.4764083,8.320238,2.3132463,5.4111114,7.47526178508997,12.906105630099773,1.7858152161352336,0.0,7.47526178508997,0.0,2.3722723,2.517673,5.824594,5.9699945,5.4111114,-0.14540082
3.5926538,0.39199433,0.0,8.039295,8.527862,0.0,0.0,0.0,-1.0291781,0.0,-1.0291781,3.5926538,0.0,0.0,0.0,1.529324,4.341471,0.5001459,5.2733383,4.490659691393375,5.6587016470730305,0.7829934174660593,0.0,4.490659691393375,0.0,10.548029,10.693523,13.824129,13.9696245,5.2733383,-0.1454947
7.448798,0.47008184,0.0,1.6637406,1.7897687,0.0,0.0,0.0,3.493121,3.493121,0.0,7.448798,0.0,0.0,0.0,1.547925,0.6857582,5.0410457,6.104725,9.679277956485748,0.8547455668449402,0.11827097274363041,0.0,9.679277956485748,0.0,8.983485,9.372135,19.347692,19.736341,6.104725,-0.38865018
3.4928136,0.27244154,0.0,1.7950794,1.890281,0.0,0.0,0.0,-1.5917023,0.0,-1.5917023,3.4928136,0.0,0.0,0.0,3.3139842,9.621879,1.7222817,5.8795834,4.40687258541584,11.147227078676224,1.5424395827576518,0.0,4.40687258541584,0.0,7.319028,7.472478,7.9719048,8.125355,5.8795834,-0.15344994
1.5939789,0.09050653,0.0,0.71333855,0.734907,0.0,0.0,0.0,2.8685415,2.8685415,0.0,1.5939789,0.0,0.0,0.0,0.49772024,10.03215,3.3662617,6.189946,9.107662573456764,12.463572531938553,1.7245820425450802,0.0,9.107662573456764,0.0,5.6675844,5.708916,8.396084,8.437416,6.189946,-0.041332074
2.6921208,0.13690414,0.0,1.3243101,1.3983572,0.0,0.0,0.0,1.2130382,1.2130382,0.0,2.6921208,0.0,0.0,0.0,2.1090732,10.373504,3.3221114,9.74117,11.091111779212952,19.022100200410932,2.632084174780175,0.0,11.091111779212952,0.0,5.5684843,5.5684843,4.8859596,4.8859596,9.74117,0.0
5.297503,0.28097,0.0,4.5122466,4.7761855,0.0,0.0,0.0,1.8160048,1.8160048,0.0,5.297503,0.0,0.0,0.0,3.2243521,12.223882,5.0403566,9.425495,11.522469401359558,20.271287590265274,2.8049339950084686,0.0,11.522469401359558,0.0,4.327948,4.327948,2.844491,2.844491,9.425495,0.0
6.0198817,0.3278889,0.0,1.1125268,1.1645703,0.0,0.0,0.0,-2.4129827,0.0,-2.4129827,6.0198817,0.0,0.0,0.0,3.671445,3.029047,1.2584622,8.881281,6.796187192201614,3.481501044239849,0.4817346066702157,0.0,6.796187192201614,0.0,15.849699,15.849699,20.304712,20.304712,8.881281,0.0
3.802538,0.21244088,0.0,2.058148,2.1602125,0.0,0.0,0.0,-1.4767601,0.0,-1.4767601,3.802538,0.0,0.0,0.0,3.2147763,4.6710424,1.7380161,9.409311,8.144992113113403,12.90642848610878,1.7858599182218313,0.0,8.144992113113403,0.0,4.206736,4.206736,12.767268,12.767268,9.409311,0.0
6.770553,0.35875967,0.0,4.981599,5.41236,0.0,0.0,0.0,-0.040641785,0.0,-0.040641785,6.770553,0.0,0.0,0.0,2.598988,7.5788283,2.5583463,8.112404,8.430521756410599,11.23364264657721,1.5543968884740025,0.0,8.430521756410599,0.0,7.9496913,7.9496913,12.780362,12.780362,8.112404,0.0
6.6505365,0.3325268,0.0,2.1871889,2.3806233,0.0,0.0,0.0,1.0349185,1.0349185,0.0,6.6505365,0.0,0.0,0.0,1.6661886,7.097913,2.701107,5.713946,7.081390827894211,8.439323924481869,1.1677475390024483,0.0,7.081390827894211,0.0,8.822558,8.822558,18.141134,18.141134,5.713946,0.0
7.288446,0.36442226,0.0,1.0491815,1.1016512,0.0,0.0,0.0,1.9535646,1.9535646,0.0,7.288446,0.0,0.0,0.0,1.2264786,4.7696104,3.1800432,3.8525982,6.170584797859192,8.959881890565157,1.2397770690731704,0.0,6.170584797859192,0.0,2.0255303,2.0255303,15.177069,15.177069,3.8525982,0.0
7.5750456,0.39630228,0.0,0.0,0.0,0.0,0.0,0.0,-0.81841546,0.0,-0.81841546,7.5750456,0.0,0.0,0.0,2.1213336,7.67261,1.3029182,3.7008667,3.278753340244293,13.179686018731445,1.8236705271992832,0.0,3.278753340244293,0.0,5.7115936,5.7115936,10.12978,10.12978,3.7008667,0.0
4.82209,0.25573513,0.0,0.74974066,0.79267204,0.0,0.0,0.0,-0.9779495,0.0,-0.9779495,4.82209,0.0,0.0,0.0,3.1230912,4.1579494,2.1451416,3.578662,2.8564474433660507,11.044375451281667,1.5282079842872918,0.0,2.8564474433660507,0.0,-2.0418017,-2.0418017,12.158577,12.158577,3.578662,0.0
3.862037,0.19433916,0.0,0.0,0.0,0.0,0.0,0.0,-0.8304062,0.0,-0.8304062,3.862037,0.0,0.0,0.0,2.0542035,4.2323747,1.2237972,3.5097284,2.8736615777015686,5.64413651637733,0.7809780320385471,0.0,2.8736615777015686,0.0,5.491907,5.491907,15.052176,15.052176,3.5097284,0.0
8.5411625,0.42705813,0.0,0.0,0.0,0.0,0.0,0.0,-2.5246058,0.0,-2.5246058,8.5411625,0.0,0.0,0.0,2.7534323,0.27670977,0.22882658,3.5542264,1.456678792834282,4.565326103474945,0.6317032559309155,0.0,1.456678792834282,0.0,4.473851,4.473851,19.743721,19.743721,3.5542264,0.0
6.9764905,0.3604768,0.0,0.0,0.0,0.0,0.0,0.0,2.0979874,2.0979874,0.0,6.9764905,0.0,0.0,0.0,0.06619019,3.4107015,2.1641777,3.5829873,6.041451781988144,4.100065242499113,0.5673252046108246,0.0,6.041451781988144,0.0,5.090725,5.090725,19.281786,19.281786,3.5829873,0.0
7.5839987,0.37919995,0.0,0.0,0.0,0.0,0.0,0.0,5.3846707,5.3846707,0.0,7.5839987,0.0,0.0,0.0,3.3831348e-05,5.0250416,5.3847046,3.8258815,9.589751601219177,8.348402667790651,1.1551667926833034,0.0,9.589751601219177,0.0,7.5784545,7.5784545,18.274038,18.274038,3.8258815,0.0
4.5346413,0.22673208,0.0,7.6222267,8.238129,0.0,0.0,0.0,-1.2461398,0.0,-1.2461398,4.5346413,0.0,0.0,0.0,4.758098,10.270254,3.5119586,5.0120654,3.992658108472824,15.479498218744993,2.14189508324489,0.0,3.992658108472824,0.0,7.8115115,7.8115115,9.63941,9.63941,5.0120654,0.0
5.5778394,0.27889198,0.0,2.9499726,3.0899506,0.0,0.0,0.0,-3.7158384,0.0,-3.7158384,5.5778394,0.0,0.0,0.0,4.7586093,10.145812,1.042771,5.1156816,1.6787351071834564,15.12915326654911,2.0934178764000535,0.0,1.6787351071834564,0.0,3.289023,3.289023,12.648785,12.648785,5.1156816,0.0
8.724808,0.46559387,0.0,2.3713858,2.5088902,0.0,0.0,0.0,2.1184475,2.1184475,0.0,8.724808,0.0,0.0,0.0,1.2683257,6.3392034,3.386773,4.9396873,7.259891852736473,8.278491381090134,1.1454931374173611,0.0,7.259891852736473,0.0,4.7549543,5.0187907,17.26308,17.526915,4.9396873,-0.26383653
5.336879,0.32188347,0.0,5.6374025,6.087545,0.0,0.0,0.0,-0.6931741,0.0,-0.6931741,5.336879,0.0,0.0,0.0,1.1155721,8.236691,0.42239803,6.1225467,4.975256130099297,13.596301858779043,1.8813175621908158,0.0,4.975256130099297,0.0,4.475494,5.2514944,8.335325,9.111327,6.1225467,-0.7760004
5.14332,0.26505655,0.0,3.614321,3.8499696,0.0,0.0,0.0,0.80980384,0.80980384,0.0,5.14332,0.0,0.0,0.0,1.2686661,10.835922,2.07847,5.79613,5.528891205787659,14.515375204384327,2.008489552885294,0.0,5.528891205787659,0.0,4.8055935,6.1476927,1.6042843,2.946384,5.79613,-1.3420998
5.575077,0.37227362,0.0,3.622274,3.9104748,0.0,0.0,0.0,-1.0897934,0.0,-1.0897934,5.575077,0.0,0.0,0.0,1.7309715,4.7328672,0.64117795,6.4077888,4.04734006524086,5.998645413666964,0.8300313386134803,0.0,4.04734006524086,0.0,7.89141,9.534339,3.175619,4.8185472,6.4077888,-1.642929
4.487483,0.2779064,0.0,14.197369,15.237852,0.0,0.0,0.0,0.3891055,0.3891055,0.0,4.487483,0.0,0.0,0.0,0.4722337,12.066784,0.8613392,8.08782,6.981368914246559,19.08790971711278,2.6411902415566146,0.0,6.981368914246559,0.0,5.903444,7.6769075,-10.673821,-8.900357,8.08782,-1.773464
4.0609856,0.29300147,0.0,7.135274,7.732489,0.0,0.0,0.0,1.1082753,1.1082753,0.0,4.0609856,0.0,0.0,0.0,0.85493624,7.316368,1.9632115,9.43084,9.086481228470802,12.94617347791791,1.7913594204001129,0.0,9.086481228470802,0.0,6.3971562,8.142792,-3.0552516,-1.3096163,9.43084,-1.7456354
6.9627905,0.41356087,0.0,5.6324677,5.908929,0.0,0.0,0.0,-1.0070949,0.0,-1.0070949,6.9627905,0.0,0.0,0.0,2.0952036,7.4815454,1.0881087,6.77183,4.685410983860493,13.07398409768939,1.8090445735724643,0.0,4.685410983860493,0.0,1.7846543,3.2775393,-5.12801,-3.6351244,6.77183,-1.4928854
2.8872068,0.24445988,0.0,1.61409,1.6824244,0.0,0.0,0.0,4.9318304,4.9318304,0.0,2.8872068,0.0,0.0,0.0,0.4149498,14.667108,5.34678,7.8157835,11.909889832139015,19.146488308906555,2.6492957323789597,0.0,11.909889832139015,0.0,9.275359,10.357544,-9.442489,-8.360306,7.8157835,-1.0821841
4.41527,0.26237425,0.0,0.19413657,0.2049186,0.0,0.0,0.0,4.704021,4.704021,0.0,4.41527,0.0,0.0,0.0,1.1103911,9.796656,5.814412,7.0381694,11.422661393880844,13.407424030359834,1.8551825776230544,0.0,11.422661393880844,0.0,5.535691,6.1175942,-4.1125736,-3.5306706,7.0381694,-0.5819036
7.457055,0.4095956,0.0,3.725277,3.89252,0.0,0.0,0.0,-3.6830733,0.0,-3.6830733,7.457055,0.0,0.0,0.0,5.458896,3.7383864,1.7758235,10.122504,6.838659703731537,5.188588595017791,0.7179439850151539,0.0,6.838659703731537,0.0,14.903729,14.914097,7.731113,7.74148,10.122504,-0.010367193
10.14813,0.50740653,0.0,9.856581,10.694738,0.0,0.0,0.0,-3.917176,0.0,-3.917176,10.14813,0.0,0.0,0.0,4.47739,1.6808808,0.5602138,10.722464,7.312694579362869,9.929463665932417,1.373937886673957,0.0,7.312694579362869,0.0,7.8895683,7.8895683,3.6323586,3.6323586,10.722464,0.0
4.114977,0.20574886,0.0,1.9937068,2.1446433,0.0,0.0,0.0,0.49023712,0.49023712,0.0,4.114977,0.0,0.0,0.0,1.7054359,12.597336,2.1956732,15.194682,15.890667736530304,18.247896030545235,2.5249577686190605,0.0,15.890667736530304,0.0,12.481432,12.481432,2.9192886,2.9192886,15.194682,0.0
9.832048,0.49160236,0.0,4.845214,5.1751475,0.0,0.0,0.0,0.1367079,0.1367079,0.0,9.832048,0.0,0.0,0.0,1.8257164,4.207366,1.9624243,8.677247,9.305557668209076,7.273197822272778,1.006390925962478,0.0,9.305557668209076,0.0,7.033604,7.033604,8.72329,8.72329,8.677247,0.0
2.0832987,0.10416493,0.0,6.216636,6.6057754,0.0,0.0,0.0,3.449471,3.449471,0.0,2.0832987,0.0,0.0,0.0,0.790745,16.585932,4.2402163,8.741054,12.294690430164337,19.907765060663223,2.754633428528905,0.0,12.294690430164337,0.0,9.213982,9.213982,0.119779825,0.119779825,8.741054,0.0
6.4820166,0.32410082,0.0,6.2341657,6.5218596,0.0,0.0,0.0,7.0043716,7.0043716,0.0,6.4820166,0.0,0.0,0.0,0.12969522,6.2270603,7.134067,6.150726,13.479198649525642,11.83177375793457,1.6371601596474648,0.0,13.479198649525642,0.0,2.1060674,2.1060674,14.281966,14.281966,6.150726,0.0
8.048355,0.40241775,0.0,3.962192,4.130794,0.0,0.0,0.0,-3.307951,0.0,-3.307951,8.048355,0.0,0.0,0.0,5.050233,4.3458242,1.7422814,4.632433,1.7268998622894287,13.792609512805939,1.9084806255996227,0.0,1.7268998622894287,0.0,-0.75098,-0.75098,12.992385,12.992385,4.632433,0.0
4.5884895,0.22942448,0.0,2.563588,2.6874914,0.0,0.0,0.0,-1.1550976,0.0,-1.1550976,4.5884895,0.0,0.0,0.0,2.6258173,7.7669325,1.4707195,3.9033852,2.9777119159698486,8.473115922883153,1.1724233541171998,0.0,2.9777119159698486,0.0,8.429485,8.429485,13.3998995,13.3998995,3.9033852,0.0
5.712676,0.28563377,0.0,0.37517777,0.39666107,0.0,0.0,0.0,2.8158538,2.8158538,0.0,5.712676,0.0,0.0,0.0,2.3658378,12.267605,5.181691,3.703516,6.80500391125679,16.423691522330046,2.272542860591784,0.0,6.80500391125679,0.0,3.5669317,3.5669317,10.693751,10.693751,3.703516,0.0
5.588591,0.27942955,0.0,0.0,0.0,0.0,0.0,0.0,-2.8605144,0.0,-2.8605144,5.588591,0.0,0.0,0.0,3.3018062,6.839753,0.44129184,3.6283565,1.047271728515625,10.060766102280468,1.3921061924193054,0.0,1.047271728515625,0.0,3.87186,3.87186,18.60001,18.60001,3.6283565,0.0
9.080411,0.45402056,0.0,0.0,0.0,0.0,0.0,0.0,-2.0913465,0.0,-2.0913465,9.080411,0.0,0.0,0.0,3.9011648,1.0074012,1.8098183,7.5023074,5.864981681108475,3.85433891415596,0.5333240982145071,0.0,5.864981681108475,0.0,10.135711,10.135711,28.830385,28.830385,7.5023074,0.0
4.7337112,0.23668556,0.0,0.43319315,0.4742955,0.0,0.0,0.0,-0.84527045,0.0,-0.84527045,4.7337112,0.0,0.0,0.0,2.8985388,5.8802137,2.0532687,8.580674,7.972089052200317,9.582306254655123,1.3259018021635711,0.0,7.972089052200317,0.0,10.212414,10.212414,26.27636,26.27636,8.580674,0.0
2.5150976,0.12575488,0.0,2.4965198,2.67759,0.0,0.0,0.0,-1.5044029,0.0,-1.5044029,2.5150976,0.0,0.0,0.0,1.8902732,5.038699,0.3858704,3.7419825,2.3633344173431396,13.464312862604856,1.8630542396567762,0.0,2.3633344173431396,0.0,-3.649082,-3.649082,16.62333,16.62333,3.7419825,0.0
4.874794,0.2437397,0.0,7.606552,8.306585,0.0,0.0,0.0,1.4054977,1.4054977,0.0,4.874794,0.0,0.0,0.0,0.31998783,6.945902,1.7254856,5.1968327,6.846070200204849,8.744801661465317,1.2100164550938644,0.0,6.846070200204849,0.0,5.7872972,5.7872972,21.522661,21.522661,5.1968327,0.0
6.2103996,0.31052002,0.0,0.6913732,0.7253006,0.0,0.0,0.0,0.6124962,0.6124962,0.0,6.2103996,0.0,0.0,0.0,1.6227509,11.663966,2.2352471,13.767975,14.690991252660751,17.771501790732145,2.4590391046367586,0.0,14.690991252660751,0.0,9.489296,9.489296,22.872982,22.872982,13.767975,0.0
8.6483345,0.43241674,0.0,7.9907374,8.570509,0.0,0.0,0.0,-1.2633035,0.0,-1.2633035,8.6483345,0.0,0.0,0.0,2.065024,8.310824,0.8017205,7.817751,6.909799039363861,10.543248005211353,1.458867086097598,0.0,6.909799039363861,0.0,7.7143965,7.7914615,19.800024,19.87709,7.817751,-0.07706511
4.8170133,0.24085066,0.0,5.6802325,6.0478663,0.0,0.0,0.0,1.9578365,1.9578365,0.0,4.8170133,0.0,0.0,0.0,0.3338546,10.022099,2.291691,7.039511,9.059482708573341,12.353512171190232,1.7093530024867505,0.0,9.059482708573341,0.0,6.1693344,6.34805,19.659191,19.837906,7.039511,-0.17871548
5.8164196,0.2923152,0.0,3.0788417,3.2161217,0.0,0.0,0.0,-0.92986447,0.0,-0.92986447,5.8164196,0.0,0.0,0.0,1.6871018,4.1072264,0.75723726,10.095526,9.233636884018779,6.957726094406098,0.9627391775138676,0.0,9.233636884018779,0.0,14.336064,14.560403,27.127838,27.352177,10.095526,-0.22433943
8.729225,0.43646127,0.0,1.6395528,1.7451403,0.0,0.0,0.0,2.5840483,2.5840483,0.0,8.729225,0.0,0.0,0.0,1.3390157,3.7832742,3.923064,7.633743,10.450826928019524,7.570637034252286,1.0475475052371621,0.0,10.450826928019524,0.0,9.398579,9.602004,21.460917,21.664341,7.633743,-0.20342478
2.796143,0.13980715,0.0,3.7566485,4.0822487,0.0,0.0,0.0,-2.3482947,0.0,-2.3482947,2.796143,0.0,0.0,0.0,3.3316224,8.373695,0.9833277,5.648947,3.249002233147621,9.297060430049896,1.2864323928952217,0.0,3.249002233147621,0.0,15.33983,15.531286,16.76713,16.958588,5.648947,-0.19145697
5.404427,0.2731546,0.0,3.5216932,3.7412758,0.0,0.0,0.0,1.5143586,1.5143586,0.0,5.404427,0.0,0.0,0.0,1.4505069,8.629133,2.9648654,5.8827133,7.392519474029541,21.33740745484829,2.9524527941830456,0.0,7.392519474029541,0.0,-5.67935,-5.4016438,2.263465,2.5411701,5.8827133,-0.27770647
5.3898416,0.2694921,0.0,6.2820888,6.7140994,0.0,0.0,0.0,-1.0170517,0.0,-1.0170517,5.3898416,0.0,0.0,0.0,2.4951925,13.680876,1.4781408,5.9715614,4.949271589517593,18.843650683760643,2.6073921569623053,0.0,4.949271589517593,0.0,4.0548525,4.329582,3.6473708,3.9221005,5.9715614,-0.2747296
3.830274,0.1915137,0.0,2.2131639,2.3211904,0.0,0.0,0.0,0.3678413,0.3678413,0.0,3.830274,0.0,0.0,0.0,1.6407843,14.59358,2.0086255,5.937445,6.326530992984772,22.768340428825468,3.150450627086684,0.0,6.326530992984772,0.0,-0.12049186,0.04977724,-0.22732389,-0.057054758,5.937445,-0.17026877
3.4793801,0.17934793,0.0,10.571332,11.323797,0.0,0.0,0.0,-1.1760381,0.0,-1.1760381,3.4793801,0.0,0.0,0.0,1.9258158,6.064642,0.7497777,9.038606,7.992944583296776,8.02676172554493,1.1106613911688328,0.0,7.992944583296776,0.0,8.305748,8.354718,17.93421,17.983177,9.038606,-0.048970457
6.4394197,0.321971,0.0,3.1063228,3.260965,0.0,0.0,0.0,2.6118748,2.6118748,0.0,6.4394197,0.0,0.0,0.0,0.030767966,10.242949,2.6426427,8.657505,11.591351747512817,11.86169184371829,1.6412999178282917,0.0,11.591351747512817,0.0,10.050858,10.050858,16.440536,16.440536,8.657505,0.0
5.4213676,0.27617097,0.0,3.015699,3.2136226,0.0,0.0,0.0,-1.0999224,0.0,-1.0999224,5.4213676,0.0,0.0,0.0,1.750655,7.2262063,0.65073264,9.880044,9.056293249130249,9.335323513951153,1.2917268422897905,0.0,9.056293249130249,0.0,9.553436,9.553436,20.132938,20.132938,9.880044,0.0
9.04656,0.45232806,0.0,2.3328512,2.4666998,0.0,0.0,0.0,4.5136375,4.5136375,0.0,9.04656,0.0,0.0,0.0,1.204988,2.143301,5.718626,10.671167,15.637132942676544,3.15832332521677,0.437016561627388,0.0,15.637132942676544,0.0,13.414045,13.414045,27.61064,27.61064,10.671167,0.0
4.549604,0.22748019,0.0,1.3908846,1.4818255,0.0,0.0,0.0,-2.4431586,0.0,-2.4431586,4.549604,0.0,0.0,0.0,3.6064136,10.017635,1.1632549,8.982493,6.766814589500427,11.475665748119354,1.5878855460323393,0.0,6.766814589500427,0.0,12.866728,12.866728,17.209206,17.209206,8.982493,0.0
6.184055,0.30920273,0.0,1.1255189,1.189968,0.0,0.0,0.0,1.7293813,1.7293813,0.0,6.184055,0.0,0.0,0.0,0.8716992,7.1817427,2.6010807,7.825932,9.864516079425812,11.637448206543922,1.6102713835425675,0.0,9.864516079425812,0.0,4.789419,4.789419,16.211254,16.211254,7.825932,0.0
2.5738752,0.12869376,0.0,15.7363615,17.118078,0.0,0.0,0.0,-2.6725476,0.0,-2.6725476,2.5738752,0.0,0.0,0.0,3.745941,4.326911,1.0733933,6.2220054,3.6781513690948486,5.296064391732216,0.7328153736889362,0.0,3.6781513690948486,0.0,9.060286,9.060286,18.58007,18.58007,6.2220054,0.0
4.2700706,0.21350352,0.0,1.2547297,1.3535287,0.0,0.0,0.0,0.41508514,0.41508514,0.0,4.2700706,0.0,0.0,0.0,1.5303108,8.895763,1.9453958,4.49981,5.1283994019031525,10.287097528576851,1.4234236093470827,0.0,5.1283994019031525,0.0,8.11168,8.11168,15.209008,15.209008,4.49981,0.0
5.905839,0.29529196,0.0,0.3769661,0.39993098,0.0,0.0,0.0,0.5151018,0.5151018,0.0,5.905839,0.0,0.0,0.0,0.55772364,6.246855,1.0728254,3.7072008,4.517594546079636,8.73793762549758,1.2090666959993541,0.0,4.517594546079636,0.0,4.9557977,4.9557977,18.806757,18.806757,3.7072008,0.0
