dhw_storage,electrical_storage,cooling_or_heating_device
0.091,0.091,0.1138888454437256
0.091,0.091,0.11666662216186524
0.091,0.091,0.1194443988800049
0.091,0.091,0.12222217559814454
0.091,0.091,0.12499995231628419
0.091,0.091,0.12777772903442383
0.091,0.091,0.13055550575256347
0.091,0.091,0.13333328247070314
-0.08,-0.08,0.13611105918884278
-0.08,-0.08,0.13888883590698242
-0.08,-0.08,0.1416666126251221
-0.08,-0.08,0.14444438934326173
-0.08,-0.08,0.14722216606140137
-0.08,-0.08,0.0
-0.08,-0.08,0.3614925193786621
-0.08,-0.08,0.18431036949157714
-0.08,-0.08,0.3681651115417481
-0.08,-0.08,0.28203947067260743
-0.08,-0.08,0.42168895721435545
-0.08,-0.08,0.34266693115234376
-0.08,-0.08,0.4868049621582031
0.091,0.091,0.4275360107421875
0.091,0.091,0.5020320892333985
0.091,0.091,0.4930107116699219
0.091,0.091,0.530086898803711
0.091,0.091,0.5402717590332031
0.091,0.091,0.5401878356933594
0.091,0.091,0.5308341979980469
0.091,0.091,0.5230686187744141
0.091,0.091,0.4931503295898438
0.091,0.091,0.46697235107421875
0.091,0.091,0.4983371734619141
-0.08,-0.08,0.31439971923828125
-0.08,-0.08,0.4219657897949219
-0.08,-0.08,0.33023757934570314
-0.08,-0.08,0.39521636962890627
-0.08,-0.08,0.32285423278808595
-0.08,-0.08,0.3387424468994141
-0.08,-0.08,0.3235435485839844
-0.08,-0.08,0.3787422180175781
-0.08,-0.08,0.37909584045410155
-0.08,-0.08,0.4068351745605469
-0.08,-0.08,0.4191570281982422
-0.08,-0.08,0.4346031188964844
-0.08,-0.08,0.47171783447265625
0.091,0.091,0.5057701110839844
0.091,0.091,0.5328834533691407
0.091,0.091,0.5775657653808595
0.091,0.091,0.6025947570800781
0.091,0.091,0.6186820983886719
0.091,0.091,0.6321517944335938
0.091,0.091,0.610000228881836
0.091,0.091,0.6098613739013673
0.091,0.091,0.5926116943359375
0.091,0.091,0.5539237976074219
0.091,0.091,0.5616035461425782
-0.08,-0.08,0.22469177246093752
-0.08,-0.08,0.1894737243652344
-0.08,-0.08,0.0
-0.08,-0.08,0.1179725170135498
-0.08,-0.08,0.0
-0.08,-0.08,0.0
-0.08,-0.08,0.0
-0.08,-0.08,0.0
-0.08,-0.08,0.0
-0.08,-0.08,0.0
-0.08,-0.08,0.0
-0.08,-0.08,0.14670719146728517
-0.08,-0.08,0.14339666366577147
0.091,0.091,0.24909572601318358
0.091,0.091,0.2851430797576905
0.091,0.091,0.39211831092834476
0.091,0.091,0.3615744972229004
0.091,0.091,0.4566891670227051
0.091,0.091,0.4491935729980469
0.091,0.091,0.36990203857421877
0.091,0.091,0.4269706726074219
0.091,0.091,0.3449134826660156
0.091,0.091,0.37357177734375
0.091,0.091,0.34995231628417967
-0.08,-0.08,0.0
-0.08,-0.08,0.0
-0.08,-0.08,0.0
-0.08,-0.08,0.0
-0.08,-0.08,0.0
-0.08,-0.08,0.0
-0.08,-0.08,0.0
-0.08,-0.08,0.0
-0.08,-0.08,0.12024621963500977
-0.08,-0.08,0.0
-0.08,-0.08,0.1694934844970703
-0.08,-0.08,0.0
-0.08,-0.08,0.2552959442138672
0.091,0.091,0.0
0.091,0.091,0.34478676795959473
0.091,0.091,0.0
0.091,0.091,0.39197577476501466
0.091,0.091,0.0
0.091,0.091,0.4004825115203857
0.091,0.091,0.0
0.091,0.091,0.32257564544677736
0.091,0.091,0.0
0.091,0.091,0.3027164268493652
0.091,0.091,0.0
-0.08,-0.08,0.2665154838562012
-0.08,-0.08,0.0
-0.08,-0.08,0.0
-0.08,-0.08,0.0
-0.08,-0.08,0.0
-0.08,-0.08,0.0
-0.08,-0.08,0.0
-0.08,-0.08,0.0
-0.08,-0.08,0.0
-0.08,-0.08,0.0
-0.08,-0.08,0.0
-0.08,-0.08,0.0
-0.08,-0.08,0.11178796768188477
0.091,0.091,0.0
0.091,0.091,0.2842851638793945
0.091,0.091,0.0
0.091,0.091,0.40778377532958987
0.091,0.091,0.0
0.091,0.091,0.43986976623535157
0.091,0.091,0.0
0.091,0.091,0.3933270931243896
0.091,0.091,0.0
0.091,0.091,0.3235523796081543
0.091,0.091,0.0
-0.08,-0.08,0.0
-0.08,-0.08,0.20053627014160158
-0.08,-0.08,0.0
-0.08,-0.08,0.0
-0.08,-0.08,0.0
-0.08,-0.08,0.0
-0.08,-0.08,0.0
-0.08,-0.08,0.0
-0.08,-0.08,0.0
-0.08,-0.08,0.0
-0.08,-0.08,0.0
-0.08,-0.08,0.0
-0.08,-0.08,0.0
0.091,0.091,0.180534725189209
0.091,0.091,0.0
0.091,0.091,0.20028719902038575
0.091,0.091,0.0
0.091,0.091,0.26890805244445803
0.091,0.091,0.0
0.091,0.091,0.2127309799194336
0.091,0.091,0.0
0.091,0.091,0.16734490394592286
0.091,0.091,0.0
0.091,0.091,0.1110685157775879
-0.08,-0.08,0.0
-0.08,-0.08,0.0
-0.08,-0.08,0.0
-0.08,-0.08,0.0
-0.08,-0.08,0.0
-0.08,-0.08,0.0
-0.08,-0.08,0.0
-0.08,-0.08,0.0
-0.08,-0.08,0.0
-0.08,-0.08,0.0
-0.08,-0.08,0.0
-0.08,-0.08,0.0
-0.08,-0.08,0.10266969680786134
0.091,0.091,0.0
0.091,0.091,0.15062820434570315
0.091,0.091,0.0
0.091,0.091,0.28261165618896483
0.091,0.091,0.0
0.091,0.091,0.2337292003631592
0.091,0.091,0.0
0.091,0.091,0.2450007438659668
0.091,0.091,0.0
0.091,0.091,0.13115530014038085
0.091,0.091,0.0
-0.08,-0.08,0.0
-0.08,-0.08,0.0
-0.08,-0.08,0.0
-0.08,-0.08,0.0
-0.08,-0.08,0.0
-0.08,-0.08,0.0
-0.08,-0.08,0.0
-0.08,-0.08,0.0
-0.08,-0.08,0.0
-0.08,-0.08,0.0
-0.08,-0.08,0.0
-0.08,-0.08,0.0
-0.08,-0.08,0.0
0.091,0.091,0.0
0.091,0.091,0.0
0.091,0.091,0.24550670623779297
0.091,0.091,0.0
0.091,0.091,0.3629189109802246
0.091,0.091,0.0
0.091,0.091,0.2927105712890625
0.091,0.091,0.13616907119750976
0.091,0.091,0.20722223281860352
0.091,0.091,0.18642205238342285
0.091,0.091,0.19031037330627443
-0.08,-0.08,0.0
-0.08,-0.08,0.0
-0.08,-0.08,0.0
-0.08,-0.08,0.0
-0.08,-0.08,0.0
-0.08,-0.08,0.0
-0.08,-0.08,0.0
-0.08,-0.08,0.0
-0.08,-0.08,-0.11451328277587891
-0.08,-0.08,0.0
-0.08,-0.08,0.0
-0.08,-0.08,0.0
-0.08,-0.08,0.0
0.091,0.091,0.0
0.091,0.091,0.0
0.091,0.091,0.0
0.091,0.091,0.21710321426391604
0.091,0.091,0.0
0.091,0.091,0.24754619598388672
0.091,0.091,0.0
0.091,0.091,0.17153297424316408
0.091,0.091,0.0
0.091,0.091,0.0
0.091,0.091,0.0
-0.08,-0.08,0.17390130043029786
-0.08,-0.08,0.0
-0.08,-0.08,0.0
-0.08,-0.08,0.0
-0.08,-0.08,0.0
-0.08,-0.08,0.0
-0.08,-0.08,0.0
-0.08,-0.08,0.0
-0.08,-0.08,0.0
-0.08,-0.08,0.0
-0.08,-0.08,0.0
-0.08,-0.08,0.0
-0.08,-0.08,0.0
0.091,0.091,0.0
0.091,0.091,0.0
0.091,0.091,0.0
0.091,0.091,0.11544974327087404
0.091,0.091,0.0
0.091,0.091,0.194130802154541
0.091,0.091,0.0
0.091,0.091,0.0
0.091,0.091,0.0
0.091,0.091,0.0
0.091,0.091,0.0
-0.08,-0.08,0.0
-0.08,-0.08,0.0
-0.08,-0.08,0.0
-0.08,-0.08,0.0
-0.08,-0.08,0.0
-0.08,-0.08,0.0
-0.08,-0.08,0.0
-0.08,-0.08,0.0
-0.08,-0.08,0.0
-0.08,-0.08,0.0
-0.08,-0.08,0.0
-0.08,-0.08,0.1210900115966797
-0.08,-0.08,0.0
0.091,0.091,0.2685612297058106
0.091,0.091,0.0
0.091,0.091,0.3728160667419434
0.091,0.091,0.0
0.091,0.091,0.47117296218872073
0.091,0.091,0.0
0.091,0.091,0.4556460952758789
0.091,0.091,0.17636672973632814
0.091,0.091,0.38529133796691895
0.091,0.091,0.27817554473876954
0.091,0.091,0.4017849159240723
-0.08,-0.08,0.0
-0.08,-0.08,0.0
-0.08,-0.08,0.0
-0.08,-0.08,0.0
-0.08,-0.08,0.0
-0.08,-0.08,0.0
-0.08,-0.08,0.0
-0.08,-0.08,0.0
-0.08,-0.08,0.0
-0.08,-0.08,0.0
-0.08,-0.08,0.0
-0.08,-0.08,0.0
-0.08,-0.08,0.21165102005004885
0.091,0.091,0.0
0.091,0.091,0.3618405151367188
0.091,0.091,0.0
0.091,0.091,0.5159650993347168
0.091,0.091,0.0
0.091,0.091,0.510606746673584
0.091,0.091,0.17391447067260746
0.091,0.091,0.43412834167480474
0.091,0.091,0.30137171745300295
0.091,0.091,0.4124456882476807
0.091,0.091,0.3465491580963135
-0.08,-0.08,0.0
-0.08,-0.08,0.0
-0.08,-0.08,0.0
-0.08,-0.08,0.0
-0.08,-0.08,0.0
-0.08,-0.08,0.0
-0.08,-0.08,0.0
-0.08,-0.08,0.0
-0.08,-0.08,0.0
-0.08,-0.08,0.0
-0.08,-0.08,0.0
-0.08,-0.08,0.1856459617614746
-0.08,-0.08,0.0
0.091,0.091,0.3626819610595703
0.091,0.091,0.0
0.091,0.091,0.5481003570556642
0.091,0.091,0.0
0.091,0.091,0.6065448760986328
0.091,0.091,0.20234042167663577
0.091,0.091,0.48558543205261234
0.091,0.091,0.35139582633972166
0.091,0.091,0.437503252029419
0.091,0.091,0.40468292236328124
0.091,0.091,0.38189125061035156
-0.08,-0.08,0.0
-0.08,-0.08,0.0
-0.08,-0.08,0.0
-0.08,-0.08,0.0
-0.08,-0.08,0.0
-0.08,-0.08,0.0
-0.08,-0.08,0.0
-0.08,-0.08,0.0
-0.08,-0.08,0.0
-0.08,-0.08,0.0
-0.08,-0.08,0.0
-0.08,-0.08,0.0
-0.08,-0.08,0.0
0.091,0.091,0.18813158988952638
0.091,0.091,0.0
0.091,0.091,0.34127240180969237
0.091,0.091,0.0
0.091,0.091,0.44588422775268555
0.091,0.091,0.0
0.091,0.091,0.3694526290893555
0.091,0.091,0.17020697593688966
0.091,0.091,0.27740065574645995
0.091,0.091,0.18693794250488283
0.091,0.091,0.20090084075927736
-0.08,-0.08,0.0
-0.08,-0.08,0.0
-0.08,-0.08,0.0
-0.08,-0.08,0.0
-0.08,-0.08,0.0
-0.08,-0.08,0.0
-0.08,-0.08,0.0
-0.08,-0.08,0.0
-0.08,-0.08,0.0
-0.08,-0.08,0.0
-0.08,-0.08,0.0
-0.08,-0.08,0.0
-0.08,-0.08,0.0
0.091,0.091,0.1357629203796387
0.091,0.091,0.22262760162353518
0.091,0.091,0.23699651718139647
0.091,0.091,0.3261405849456787
0.091,0.091,0.38785212516784673
0.091,0.091,0.39183504104614264
0.091,0.091,0.43416145324707034
0.091,0.091,0.4215648651123047
0.091,0.091,0.4201698303222656
0.091,0.091,0.4037197113037109
0.091,0.091,0.45709915161132814
-0.08,-0.08,0.43193740844726564
-0.08,-0.08,0.44935150146484376
-0.08,-0.08,0.39359283447265625
-0.08,-0.08,0.3988990783691406
-0.08,-0.08,0.3901405334472656
-0.08,-0.08,0.36846466064453126
-0.08,-0.08,0.3064567565917969
-0.08,-0.08,0.34447593688964845
-0.08,-0.08,0.34609298706054686
-0.08,-0.08,0.42526092529296877
-0.08,-0.08,0.40199127197265627
-0.08,-0.08,0.4785018920898438
-0.08,-0.08,0.4595390319824219
0.091,0.091,0.5107761383056642
0.091,0.091,0.5099967956542969
0.091,0.091,0.5744773864746094
0.091,0.091,0.5782203674316407
0.091,0.091,0.6484725952148438
0.091,0.091,0.663744354248047
0.091,0.091,0.6625831604003907
0.091,0.091,0.6744461059570314
0.091,0.091,0.6407047271728517
0.091,0.091,0.6364738464355469
0.091,0.091,0.6505874633789064
-0.08,-0.08,0.23546829223632815
-0.08,-0.08,0.0
-0.08,-0.08,0.15679281234741213
-0.08,-0.08,0.1757708740234375
-0.08,-0.08,0.15087303161621096
-0.08,-0.08,0.0
-0.08,-0.08,0.11315258026123048
-0.08,-0.08,0.0
-0.08,-0.08,0.11836430549621582
-0.08,-0.08,0.17742283821105959
-0.08,-0.08,0.2826959419250488
-0.08,-0.08,0.29857917785644533
-0.08,-0.08,0.3693685340881348
0.091,0.091,0.404354419708252
0.091,0.091,0.49867360115051274
0.091,0.091,0.4932861328125
0.091,0.091,0.5691654205322266
0.091,0.091,0.4962913513183594
0.091,0.091,0.5317474365234376
0.091,0.091,0.48553123474121096
0.091,0.091,0.46691207885742186
0.091,0.091,0.4663902282714844
0.091,0.091,0.4326591491699219
0.091,0.091,0.4283966064453125
-0.08,-0.08,0.0
-0.08,-0.08,0.4716804885864258
-0.08,-0.08,0.14273555755615236
-0.08,-0.08,0.36822271347045904
-0.08,-0.08,0.0
-0.08,-0.08,0.1947075366973877
-0.08,-0.08,0.0
-0.08,-0.08,0.11314006805419922
-0.08,-0.08,0.0
-0.08,-0.08,0.27741596221923825
-0.08,-0.08,0.0
-0.08,-0.08,0.3006006908416748
-0.08,-0.08,0.0
0.091,0.091,0.42687114715576174
0.091,0.091,0.0
0.091,0.091,0.518797550201416
0.091,0.091,0.0
0.091,0.091,0.5114908123016357
0.091,0.091,0.0
0.091,0.091,0.4186224746704102
0.091,0.091,0.0
0.091,0.091,0.37666357040405274
0.091,0.091,0.0
0.091,0.091,0.34470113754272463
-0.08,-0.08,0.0
-0.08,-0.08,0.11434671401977539
-0.08,-0.08,0.11424377441406251
-0.08,-0.08,0.15060281753540042
-0.08,-0.08,0.0
-0.08,-0.08,0.20540234565734866
-0.08,-0.08,0.0
-0.08,-0.08,0.0
-0.08,-0.08,0.0
-0.08,-0.08,0.0
-0.08,-0.08,0.1477754211425781
-0.08,-0.08,0.0
-0.08,-0.08,0.23496869087219238
0.091,0.091,0.0
0.091,0.091,0.2882562255859375
0.091,0.091,0.0
0.091,0.091,0.32313478469848633
0.091,0.091,0.0
0.091,0.091,0.3006609058380127
0.091,0.091,0.0
0.091,0.091,0.21358376502990725
0.091,0.091,0.0
0.091,0.091,0.1737445068359375
0.091,0.091,0.0
-0.08,-0.08,0.0
-0.08,-0.08,0.0
-0.08,-0.08,0.0
-0.08,-0.08,0.0
-0.08,-0.08,0.0
-0.08,-0.08,0.0
-0.08,-0.08,0.0
-0.08,-0.08,0.0
-0.08,-0.08,0.0
-0.08,-0.08,0.0
-0.08,-0.08,0.0
-0.08,-0.08,0.0
-0.08,-0.08,0.0
0.091,0.091,0.0
0.091,0.091,0.0
0.091,0.091,0.18827508926391603
0.091,0.091,0.0
0.091,0.091,0.0
0.091,0.091,0.19011281967163088
0.091,0.091,0.0
0.091,0.091,0.0
0.091,0.091,0.0
0.091,0.091,0.0
0.091,0.091,0.0
-0.08,-0.08,0.0
-0.08,-0.08,0.0
-0.08,-0.08,0.0
-0.08,-0.08,0.0
-0.08,-0.08,0.0
-0.08,-0.08,0.0
-0.08,-0.08,0.0
-0.08,-0.08,0.0
-0.08,-0.08,0.0
-0.08,-0.08,0.0
-0.08,-0.08,0.0
-0.08,-0.08,0.0
-0.08,-0.08,0.0
0.091,0.091,0.0
0.091,0.091,0.0
0.091,0.091,0.1143498420715332
0.091,0.091,0.0
0.091,0.091,0.22527485847473147
0.091,0.091,0.0
0.091,0.091,0.22874113082885744
0.091,0.091,0.0
0.091,0.091,0.1749296474456787
0.091,0.091,0.0
0.091,0.091,0.21871494293212893
-0.08,-0.08,0.0
-0.08,-0.08,0.0
-0.08,-0.08,0.0
-0.08,-0.08,0.0
-0.08,-0.08,0.0
-0.08,-0.08,0.0
-0.08,-0.08,0.0
-0.08,-0.08,0.0
-0.08,-0.08,0.0
-0.08,-0.08,0.0
-0.08,-0.08,0.0
-0.08,-0.08,0.0
-0.08,-0.08,0.0
0.091,0.091,0.0
0.091,0.091,0.12682177543640136
0.091,0.091,0.0
0.091,0.091,0.2676134300231933
0.091,0.091,0.2968299102783203
0.091,0.091,0.3533164787292481
0.091,0.091,0.3992372131347656
0.091,0.091,0.38140692710876467
0.091,0.091,0.21219484329223634
0.091,0.091,0.338311767578125
0.091,0.091,0.2089866638183594
-0.08,-0.08,0.0
-0.08,-0.08,0.0
-0.08,-0.08,0.0
-0.08,-0.08,0.0
-0.08,-0.08,0.0
-0.08,-0.08,0.0
-0.08,-0.08,0.0
-0.08,-0.08,0.0
-0.08,-0.08,0.0
-0.08,-0.08,0.0
-0.08,-0.08,0.0
-0.08,-0.08,0.0
-0.08,-0.08,0.0
0.091,0.091,0.0
0.091,0.091,0.2665319061279297
0.091,0.091,0.0
0.091,0.091,0.3169130897521973
0.091,0.091,0.12580845832824708
0.091,0.091,0.3163742733001709
0.091,0.091,0.21922207832336427
0.091,0.091,0.28243908882141117
0.091,0.091,0.2405736255645752
0.091,0.091,0.3033402252197266
0.091,0.091,0.25927127838134767
-0.08,-0.08,0.0
-0.08,-0.08,0.0
-0.08,-0.08,0.0
-0.08,-0.08,0.0
-0.08,-0.08,0.0
-0.08,-0.08,0.0
-0.08,-0.08,0.0
-0.08,-0.08,0.0
-0.08,-0.08,0.0
-0.08,-0.08,0.0
-0.08,-0.08,0.0
-0.08,-0.08,0.0
-0.08,-0.08,0.17050462722778323
0.091,0.091,0.2153678321838379
0.091,0.091,0.14241886138916016
0.091,0.091,0.3358861541748047
0.091,0.091,0.1547941207885742
0.091,0.091,0.4377039527893067
0.091,0.091,0.25141109466552736
0.091,0.091,0.42699337959289557
0.091,0.091,0.2784172058105469
0.091,0.091,0.34885711669921876
0.091,0.091,0.2725543975830078
0.091,0.091,0.32525482177734377
-0.08,-0.08,0.0
-0.08,-0.08,0.0
-0.08,-0.08,0.0
-0.08,-0.08,0.0
-0.08,-0.08,0.0
-0.08,-0.08,0.0
-0.08,-0.08,0.0
-0.08,-0.08,0.0
-0.08,-0.08,0.0
-0.08,-0.08,0.0
-0.08,-0.08,0.0
-0.08,-0.08,0.0
-0.08,-0.08,0.0
0.091,0.091,0.0
0.091,0.091,0.20387624740600588
0.091,0.091,0.0
0.091,0.091,0.24584453582763674
0.091,0.091,0.0
0.091,0.091,0.2738179206848145
0.091,0.091,0.0
0.091,0.091,0.2037440872192383
0.091,0.091,0.0
0.091,0.091,0.2896435165405274
0.091,0.091,0.0
-0.08,-0.08,0.19306570053100588
-0.08,-0.08,0.0
-0.08,-0.08,0.2051251220703125
-0.08,-0.08,0.0
-0.08,-0.08,0.0
-0.08,-0.08,0.0
-0.08,-0.08,0.0
-0.08,-0.08,0.0
-0.08,-0.08,0.0
-0.08,-0.08,0.0
-0.08,-0.08,0.0
-0.08,-0.08,0.0
-0.08,-0.08,0.0
0.091,0.091,0.0
0.091,0.091,0.1449754238128662
0.091,0.091,0.0
0.091,0.091,0.0
0.091,0.091,0.17505985260009768
0.091,0.091,0.0
0.091,0.091,0.0
0.091,0.091,0.17670051574707032
0.091,0.091,0.0
0.091,0.091,0.0
0.091,0.091,0.0
-0.08,-0.08,0.0
-0.08,-0.08,0.0
-0.08,-0.08,0.0
-0.08,-0.08,0.0
-0.08,-0.08,0.0
-0.08,-0.08,0.0
-0.08,-0.08,0.0
-0.08,-0.08,0.0
-0.08,-0.08,0.0
-0.08,-0.08,0.0
-0.08,-0.08,0.0
-0.08,-0.08,0.0
-0.08,-0.08,0.0
0.091,0.091,0.0
0.091,0.091,0.0
0.091,0.091,0.18415231704711915
0.091,0.091,0.0
0.091,0.091,0.1792850685119629
0.091,0.091,0.0
0.091,0.091,0.19280216217041019
0.091,0.091,0.0
0.091,0.091,0.1789038372039795
0.091,0.091,0.0
0.091,0.091,0.18909542083740236
-0.08,-0.08,0.0
-0.08,-0.08,0.0
-0.08,-0.08,0.0
-0.08,-0.08,0.0
-0.08,-0.08,0.0
-0.08,-0.08,0.0
-0.08,-0.08,0.0
-0.08,-0.08,0.0
-0.08,-0.08,-0.11903136253356934
-0.08,-0.08,0.0
-0.08,-0.08,0.0
-0.08,-0.08,0.0
-0.08,-0.08,0.0
0.091,0.091,0.0
0.091,0.091,0.0
0.091,0.091,0.0
0.091,0.091,0.3304141521453857
0.091,0.091,0.0
0.091,0.091,0.262314510345459
0.091,0.091,0.0
0.091,0.091,0.28808652877807617
0.091,0.091,0.0
0.091,0.091,0.21512472152709963
0.091,0.091,0.0
-0.08,-0.08,0.0
-0.08,-0.08,0.0
-0.08,-0.08,0.0
-0.08,-0.08,0.0
-0.08,-0.08,0.0
-0.08,-0.08,0.0
-0.08,-0.08,0.0
-0.08,-0.08,0.0
-0.08,-0.08,-0.13397250175476075
-0.08,-0.08,0.0
-0.08,-0.08,0.0
-0.08,-0.08,0.0
-0.08,-0.08,0.0
0.091,0.091,0.0
0.091,0.091,0.0
0.091,0.091,0.24172880172729494
0.091,0.091,0.17009742736816408
0.091,0.091,0.24472436904907227
0.091,0.091,0.2698269271850586
0.091,0.091,0.18849306106567384
0.091,0.091,0.3230713272094727
0.091,0.091,0.21231225967407227
0.091,0.091,0.22209263801574708
0.091,0.091,0.1755905628204346
-0.08,-0.08,0.0
-0.08,-0.08,0.0
-0.08,-0.08,0.0
-0.08,-0.08,0.0
-0.08,-0.08,0.0
-0.08,-0.08,0.0
-0.08,-0.08,0.0
-0.08,-0.08,0.0
-0.08,-0.08,0.0
-0.08,-0.08,0.0
-0.08,-0.08,0.0
-0.08,-0.08,0.0
-0.08,-0.08,0.0
0.091,0.091,0.0
0.091,0.091,0.0
0.091,0.091,0.21313058853149416
0.091,0.091,0.0
0.091,0.091,0.2612517547607422
0.091,0.091,0.0
0.091,0.091,0.23366116523742678
0.091,0.091,0.0
0.091,0.091,0.14344619750976564
0.091,0.091,0.0
0.091,0.091,0.1292393684387207
-0.08,-0.08,0.0
-0.08,-0.08,0.0
-0.08,-0.08,0.0
-0.08,-0.08,0.0
-0.08,-0.08,0.0
-0.08,-0.08,0.0
-0.08,-0.08,0.0
-0.08,-0.08,-0.14325773239135745
-0.08,-0.08,0.0
-0.08,-0.08,0.0
-0.08,-0.08,0.0
-0.08,-0.08,0.0
-0.08,-0.08,0.0
0.091,0.091,0.0
0.091,0.091,0.0
0.091,0.091,0.0
0.091,0.091,0.0
0.091,0.091,0.0
0.091,0.091,0.12476078033447266
0.091,0.091,0.0
0.091,0.091,0.0
0.091,0.091,0.0
0.091,0.091,0.0
0.091,0.091,0.0
-0.08,-0.08,0.0
-0.08,-0.08,0.0
-0.08,-0.08,0.0
-0.08,-0.08,0.0
-0.08,-0.08,0.0
-0.08,-0.08,0.0
-0.08,-0.08,0.0
-0.08,-0.08,0.0
-0.08,-0.08,0.0
-0.08,-0.08,0.0
-0.08,-0.08,0.0
-0.08,-0.08,0.0
-0.08,-0.08,0.0
0.091,0.091,0.0
0.091,0.091,0.0
0.091,0.091,0.19732258796691896
0.091,0.091,0.0
0.091,0.091,0.2450124740600586
0.091,0.091,0.0
0.091,0.091,0.18853471755981446
0.091,0.091,0.0
0.091,0.091,0.21649089813232425
0.091,0.091,0.0
0.091,0.091,0.21210927963256837
-0.08,-0.08,0.0
-0.08,-0.08,0.0
-0.08,-0.08,0.0
-0.08,-0.08,0.0
-0.08,-0.08,0.0
-0.08,-0.08,0.0
-0.08,-0.08,0.0
-0.08,-0.08,0.0
-0.08,-0.08,0.0
-0.08,-0.08,0.0
-0.08,-0.08,0.0
-0.08,-0.08,0.0
-0.08,-0.08,0.11009021759033204
0.091,0.091,0.0
0.091,0.091,0.23414249420166017
0.091,0.091,0.0
0.091,0.091,0.2998804569244385
0.091,0.091,0.0
0.091,0.091,0.3155766296386719
0.091,0.091,0.0
0.091,0.091,0.27938037872314453
0.091,0.091,0.0
0.091,0.091,0.29675983428955083
0.091,0.091,0.0
-0.08,-0.08,0.2666069793701172
-0.08,-0.08,0.0
-0.08,-0.08,0.16904734611511232
-0.08,-0.08,0.0
-0.08,-0.08,0.1700143051147461
-0.08,-0.08,0.0
-0.08,-0.08,0.0
-0.08,-0.08,0.14672439575195315
-0.08,-0.08,0.0
-0.08,-0.08,0.0
-0.08,-0.08,0.18184459686279297
-0.08,-0.08,0.0
-0.08,-0.08,0.22332099914550782
0.091,0.091,0.0
0.091,0.091,0.3084477996826172
0.091,0.091,0.0
0.091,0.091,0.2648232078552246
0.091,0.091,0.0
0.091,0.091,0.361903076171875
0.091,0.091,0.0
0.091,0.091,0.2884392166137696
0.091,0.091,0.12704437255859374
0.091,0.091,0.23158970832824707
0.091,0.091,0.14006436347961426
-0.08,-0.08,0.0
-0.08,-0.08,0.0
-0.08,-0.08,0.0
-0.08,-0.08,0.0
-0.08,-0.08,0.0
-0.08,-0.08,0.0
-0.08,-0.08,0.0
-0.08,-0.08,0.0
-0.08,-0.08,0.0
-0.08,-0.08,0.0
-0.08,-0.08,0.0
-0.08,-0.08,0.0
-0.08,-0.08,0.0
0.091,0.091,0.0
0.091,0.091,0.0
0.091,0.091,0.2350027084350586
0.091,0.091,0.0
0.091,0.091,0.39227411270141604
0.091,0.091,0.0
0.091,0.091,0.32501708984375005
0.091,0.091,0.12176135063171388
0.091,0.091,0.23395821571350098
0.091,0.091,0.15971867561340333
0.091,0.091,0.2434619426727295
-0.08,-0.08,0.0
-0.08,-0.08,0.20420312881469727
-0.08,-0.08,0.12649599075317383
-0.08,-0.08,0.159226713180542
-0.08,-0.08,0.0
-0.08,-0.08,0.12152441978454591
-0.08,-0.08,0.0
-0.08,-0.08,0.0
-0.08,-0.08,0.0
-0.08,-0.08,0.0
-0.08,-0.08,0.0
-0.08,-0.08,0.0
-0.08,-0.08,0.1501656436920166
0.091,0.091,0.0
0.091,0.091,0.16798693656921387
0.091,0.091,0.0
0.091,0.091,0.25510200500488284
0.091,0.091,0.0
0.091,0.091,0.21214056015014648
0.091,0.091,0.0
0.091,0.091,0.20143949508666995
0.091,0.091,0.0
0.091,0.091,0.11229705810546875
0.091,0.091,0.0
-0.08,-0.08,0.20231456756591798
-0.08,-0.08,0.0
-0.08,-0.08,0.2534664249420166
-0.08,-0.08,0.0
-0.08,-0.08,0.22459177017211915
-0.08,-0.08,0.0
-0.08,-0.08,0.23296439170837405
-0.08,-0.08,0.0
-0.08,-0.08,0.2219814109802246
-0.08,-0.08,0.0
-0.08,-0.08,0.29478916168212893
-0.08,-0.08,0.0
-0.08,-0.08,0.358125171661377
0.091,0.091,0.0
0.091,0.091,0.42994915008544926
0.091,0.091,0.0
0.091,0.091,0.46845703125
0.091,0.091,0.15059045791625977
0.091,0.091,0.4138968849182129
0.091,0.091,0.2760403823852539
0.091,0.091,0.34836925506591804
0.091,0.091,0.2814670276641846
0.091,0.091,0.2814193725585938
0.091,0.091,0.3142112731933594
-0.08,-0.08,0.29676208496093753
-0.08,-0.08,0.3018638610839844
-0.08,-0.08,0.2725852966308594
-0.08,-0.08,0.2254673004150391
-0.08,-0.08,0.0
-0.08,-0.08,0.15135313034057615
-0.08,-0.08,0.0
-0.08,-0.08,0.0
-0.08,-0.08,0.1368804168701172
-0.08,-0.08,0.0
-0.08,-0.08,0.2582449150085449
-0.08,-0.08,0.0
-0.08,-0.08,0.35172204971313475
0.091,0.091,0.0
0.091,0.091,0.45733094215393066
0.091,0.091,0.11706398963928223
0.091,0.091,0.4935877513885498
0.091,0.091,0.22023596763610842
0.091,0.091,0.4803979587554932
0.091,0.091,0.29315355300903323
0.091,0.091,0.40813140869140624
0.091,0.091,0.2873813629150391
0.091,0.091,0.3445243835449219
0.091,0.091,0.28040618896484376
-0.08,-0.08,0.0
-0.08,-0.08,0.0
-0.08,-0.08,0.0
-0.08,-0.08,0.0
-0.08,-0.08,0.0
-0.08,-0.08,0.0
-0.08,-0.08,0.0
-0.08,-0.08,0.0
-0.08,-0.08,0.0
-0.08,-0.08,0.0
-0.08,-0.08,0.0
-0.08,-0.08,0.0
-0.08,-0.08,0.0
0.091,0.091,0.16231851577758788
0.091,0.091,0.0
0.091,0.091,0.17706610679626467
0.091,0.091,0.0
0.091,0.091,0.26213151931762696
0.091,0.091,0.0
0.091,0.091,0.21116304397583008
0.091,0.091,0.0
0.091,0.091,0.16766513824462892
0.091,0.091,0.0
0.091,0.091,0.14453241348266604
-0.08,-0.08,0.0
-0.08,-0.08,0.2770691394805908
-0.08,-0.08,0.0
-0.08,-0.08,0.0
-0.08,-0.08,0.0
-0.08,-0.08,0.0
-0.08,-0.08,0.0
-0.08,-0.08,0.0
-0.08,-0.08,0.0
-0.08,-0.08,0.0
-0.08,-0.08,0.0
-0.08,-0.08,0.10285268783569337
-0.08,-0.08,0.0
0.091,0.091,0.13296566009521485
0.091,0.091,0.0
0.091,0.091,0.1684158706665039
0.091,0.091,0.0
0.091,0.091,0.1869675636291504
0.091,0.091,0.0
0.091,0.091,0.14110328674316408
0.091,0.091,0.0
0.091,0.091,0.12991659164428712
0.091,0.091,0.0
0.091,0.091,0.0
-0.08,-0.08,0.0
-0.08,-0.08,0.0
-0.08,-0.08,0.0
-0.08,-0.08,0.0
-0.08,-0.08,0.15187355995178226
-0.08,-0.08,0.0
-0.08,-0.08,0.18080295562744142
-0.08,-0.08,0.0
-0.08,-0.08,0.19593255996704104
-0.08,-0.08,0.0
-0.08,-0.08,0.13972029685974122
-0.08,-0.08,0.0
-0.08,-0.08,0.32264602661132813
0.091,0.091,0.0
0.091,0.091,0.4187683200836182
0.091,0.091,0.0
0.091,0.091,0.5238208103179932
0.091,0.091,0.0
0.091,0.091,0.48817861557006836
0.091,0.091,0.20268471717834474
0.091,0.091,0.4347698783874512
0.091,0.091,0.3228318214416504
0.091,0.091,0.3877241897583008
0.091,0.091,0.30971441268920896
-0.08,-0.08,0.19527587890625003
-0.08,-0.08,0.2816276550292969
-0.08,-0.08,0.26023635864257816
-0.08,-0.08,0.2952888488769531
-0.08,-0.08,0.28856201171875
-0.08,-0.08,0.2790031433105469
-0.08,-0.08,0.21945571899414062
-0.08,-0.08,0.0
-0.08,-0.08,0.19466491699218752
-0.08,-0.08,0.0
-0.08,-0.08,0.3704661178588867
-0.08,-0.08,0.0
-0.08,-0.08,0.4686462783813477
0.091,0.091,0.0
0.091,0.091,0.5219959831237794
0.091,0.091,0.0
0.091,0.091,0.5683607482910156
0.091,0.091,0.16682966232299806
0.091,0.091,0.4789450263977051
0.091,0.091,0.3659309577941895
0.091,0.091,0.4312082099914551
0.091,0.091,0.39435729980468753
0.091,0.091,0.37816696166992186
0.091,0.091,0.3570823669433594
-0.08,-0.08,0.0
-0.08,-0.08,0.0
-0.08,-0.08,0.0
-0.08,-0.08,0.1516240978240967
-0.08,-0.08,0.0
-0.08,-0.08,0.0
-0.08,-0.08,0.0
-0.08,-0.08,0.0
-0.08,-0.08,0.1065273666381836
-0.08,-0.08,0.0
-0.08,-0.08,0.25430552482604984
-0.08,-0.08,0.0
-0.08,-0.08,0.389355640411377
0.091,0.091,0.0
0.091,0.091,0.4421000671386719
0.091,0.091,0.0
0.091,0.091,0.4271034049987793
0.091,0.091,0.11566749572753908
0.091,0.091,0.374361801147461
0.091,0.091,0.2297285270690918
0.091,0.091,0.3100128269195557
0.091,0.091,0.2648058032989502
0.091,0.091,0.29206295013427735
0.091,0.091,0.2473438262939453
-0.08,-0.08,0.25469131469726564
-0.08,-0.08,0.21618118286132815
-0.08,-0.08,0.23595924377441407
-0.08,-0.08,0.18635063171386718
-0.08,-0.08,0.0
-0.08,-0.08,0.2794961166381836
-0.08,-0.08,0.0
-0.08,-0.08,0.19860469818115237
-0.08,-0.08,0.0
-0.08,-0.08,0.23205060958862306
-0.08,-0.08,0.0
-0.08,-0.08,0.276449785232544
-0.08,-0.08,0.0
0.091,0.091,0.3317717266082764
0.091,0.091,0.0
0.091,0.091,0.36897599220275884
0.091,0.091,0.0
0.091,0.091,0.31976782798767095
0.091,0.091,0.0
0.091,0.091,0.28265232086181646
0.091,0.091,0.0
0.091,0.091,0.2530961418151855
0.091,0.091,0.0
0.091,0.091,0.24875088691711428
-0.08,-0.08,0.0
-0.08,-0.08,0.15295117378234865
-0.08,-0.08,0.0
-0.08,-0.08,0.13136683464050292
-0.08,-0.08,0.0
-0.08,-0.08,0.0
-0.08,-0.08,0.0
-0.08,-0.08,0.0
-0.08,-0.08,0.0
-0.08,-0.08,0.0
-0.08,-0.08,0.0
-0.08,-0.08,0.0
-0.08,-0.08,0.0
0.091,0.091,0.0
0.091,0.091,0.0
0.091,0.091,0.0
0.091,0.091,0.0
0.091,0.091,0.0
0.091,0.091,0.15536407470703126
0.091,0.091,0.0
0.091,0.091,0.0
0.091,0.091,0.0
0.091,0.091,0.0
0.091,0.091,0.0
-0.08,-0.08,0.0
-0.08,-0.08,0.0
-0.08,-0.08,0.0
-0.08,-0.08,0.0
-0.08,-0.08,0.0
-0.08,-0.08,0.0
-0.08,-0.08,0.0
-0.08,-0.08,0.0
-0.08,-0.08,0.0
-0.08,-0.08,0.0
-0.08,-0.08,0.0
-0.08,-0.08,0.0
-0.08,-0.08,0.0
0.091,0.091,0.0
0.091,0.091,0.0
0.091,0.091,0.0
0.091,0.091,0.0
0.091,0.091,0.0
0.091,0.091,0.0
0.091,0.091,0.0
0.091,0.091,0.0
0.091,0.091,0.0
0.091,0.091,0.0
0.091,0.091,0.0
-0.08,-0.08,0.0
-0.08,-0.08,0.0
-0.08,-0.08,0.0
-0.08,-0.08,0.0
-0.08,-0.08,0.0
-0.08,-0.08,0.0
-0.08,-0.08,0.0
-0.08,-0.08,0.0
-0.08,-0.08,0.0
-0.08,-0.08,0.0
-0.08,-0.08,0.0
-0.08,-0.08,0.0
-0.08,-0.08,0.0
0.091,0.091,0.0
0.091,0.091,0.0
0.091,0.091,0.21312042236328127
0.091,0.091,0.0
0.091,0.091,0.1743333625793457
0.091,0.091,0.0
0.091,0.091,0.21621719360351566
0.091,0.091,0.0
0.091,0.091,0.14416291236877443
0.091,0.091,0.0
0.091,0.091,0.1551658344268799
-0.08,-0.08,0.0
-0.08,-0.08,0.15303484916687013
-0.08,-0.08,0.0
-0.08,-0.08,0.0
-0.08,-0.08,0.0
-0.08,-0.08,0.0
-0.08,-0.08,0.0
-0.08,-0.08,0.0
-0.08,-0.08,0.0
-0.08,-0.08,0.0
-0.08,-0.08,0.0
-0.08,-0.08,0.0
-0.08,-0.08,0.18083267211914061
0.091,0.091,0.0
0.091,0.091,0.23834424972534182
0.091,0.091,0.0
0.091,0.091,0.2537256622314453
0.091,0.091,0.0
0.091,0.091,0.25687639236450194
0.091,0.091,0.0
0.091,0.091,0.2169823932647705
0.091,0.091,0.0
0.091,0.091,0.17108800888061523
0.091,0.091,0.0
-0.08,-0.08,0.11616020202636719
-0.08,-0.08,0.0
-0.08,-0.08,0.0
-0.08,-0.08,0.0
-0.08,-0.08,0.0
-0.08,-0.08,0.0
-0.08,-0.08,0.0
-0.08,-0.08,0.0
-0.08,-0.08,0.0
-0.08,-0.08,0.0
-0.08,-0.08,0.0
-0.08,-0.08,0.0
-0.08,-0.08,0.0
0.091,0.091,0.0
0.091,0.091,0.0
0.091,0.091,0.0
0.091,0.091,0.0
0.091,0.091,0.0
0.091,0.091,0.0
0.091,0.091,0.0
0.091,0.091,0.0
0.091,0.091,0.0
0.091,0.091,0.0
0.091,0.091,0.0
-0.08,-0.08,0.0
-0.08,-0.08,0.0
-0.08,-0.08,0.0
-0.08,-0.08,0.0
-0.08,-0.08,0.0
-0.08,-0.08,0.0
-0.08,-0.08,0.0
-0.08,-0.08,0.0
-0.08,-0.08,0.0
-0.08,-0.08,0.0
-0.08,-0.08,0.0
-0.08,-0.08,0.0
-0.08,-0.08,0.0
0.091,0.091,0.0
0.091,0.091,0.0
0.091,0.091,0.0
0.091,0.091,0.0
0.091,0.091,0.0
0.091,0.091,0.0
0.091,0.091,0.0
0.091,0.091,0.0
0.091,0.091,0.0
0.091,0.091,0.0
0.091,0.091,0.0
-0.08,-0.08,0.0
-0.08,-0.08,0.0
-0.08,-0.08,0.0
-0.08,-0.08,0.0
-0.08,-0.08,0.0
-0.08,-0.08,0.0
-0.08,-0.08,0.0
-0.08,-0.08,0.0
-0.08,-0.08,0.0
-0.08,-0.08,0.0
-0.08,-0.08,0.0
-0.08,-0.08,0.0
-0.08,-0.08,0.0
0.091,0.091,0.0
0.091,0.091,0.0
0.091,0.091,0.0
0.091,0.091,0.0
0.091,0.091,0.0
0.091,0.091,0.0
0.091,0.091,0.19824262619018557
0.091,0.091,0.0
0.091,0.091,0.20224418640136718
0.091,0.091,0.13052640914916994
0.091,0.091,0.1563618850708008
-0.08,-0.08,0.0
-0.08,-0.08,0.21234231948852542
-0.08,-0.08,0.11333459854125978
-0.08,-0.08,0.21567332267761233
-0.08,-0.08,0.14986563682556153
-0.08,-0.08,0.23112792015075684
-0.08,-0.08,0.15429087638854982
-0.08,-0.08,0.2445837211608887
-0.08,-0.08,0.16878766059875489
-0.08,-0.08,0.22339322090148928
-0.08,-0.08,0.17577019691467285
-0.08,-0.08,0.25329950332641604
-0.08,-0.08,0.215655517578125
0.091,0.091,0.30634002685546874
0.091,0.091,0.2539512634277344
0.091,0.091,0.36338119506835936
0.091,0.091,0.3098182678222656
0.091,0.091,0.39013214111328126
0.091,0.091,0.3453697204589844
0.091,0.091,0.371551513671875
0.091,0.091,0.33614387512207033
0.091,0.091,0.32636489868164065
0.091,0.091,0.29640045166015627
0.091,0.091,0.2651542663574219
-0.08,-0.08,0.20235824584960938
-0.08,-0.08,0.3131061553955078
-0.08,-0.08,0.2568061828613281
-0.08,-0.08,0.3041389465332031
-0.08,-0.08,0.22369842529296874
-0.08,-0.08,0.23977050781250003
-0.08,-0.08,0.17774047851562502
-0.08,-0.08,0.2259105682373047
-0.08,-0.08,0.17949790954589845
-0.08,-0.08,0.21639366149902345
-0.08,-0.08,0.16381454467773438
-0.08,-0.08,0.2576725006103516
-0.08,-0.08,0.19043006896972658
0.091,0.091,0.30600700378417967
0.091,0.091,0.20411376953125
0.091,0.091,0.3535774230957031
0.091,0.091,0.20801963806152346
0.091,0.091,0.3747116088867188
0.091,0.091,0.19438667297363282
0.091,0.091,0.35047302246093753
0.091,0.091,0.16826133728027343
0.091,0.091,0.2883460998535156
0.091,0.091,0.16766357421875
0.091,0.091,0.21945838928222655
-0.08,-0.08,0.0
-0.08,-0.08,0.31320869445800786
-0.08,-0.08,0.0
-0.08,-0.08,0.17230951309204104
-0.08,-0.08,0.0
-0.08,-0.08,0.0
-0.08,-0.08,0.0
-0.08,-0.08,0.0
-0.08,-0.08,0.0
-0.08,-0.08,0.0
-0.08,-0.08,0.0
-0.08,-0.08,0.0
-0.08,-0.08,0.10755063056945802
0.091,0.091,0.0
0.091,0.091,0.0
0.091,0.091,0.13516624450683595
0.091,0.091,0.0
0.091,0.091,0.10594476699829102
0.091,0.091,0.0
0.091,0.091,0.0
0.091,0.091,0.10365346908569337
0.091,0.091,0.0
0.091,0.091,0.0
0.091,0.091,0.0
-0.08,-0.08,0.0
-0.08,-0.08,0.0
-0.08,-0.08,0.0
-0.08,-0.08,0.0
-0.08,-0.08,0.0
-0.08,-0.08,0.0
-0.08,-0.08,0.0
-0.08,-0.08,0.0
-0.08,-0.08,0.0
-0.08,-0.08,0.0
-0.08,-0.08,0.0
-0.08,-0.08,0.0
-0.08,-0.08,0.0
0.091,0.091,0.0
0.091,0.091,0.0
0.091,0.091,0.0
0.091,0.091,0.17870833396911623
0.091,0.091,0.0
0.091,0.091,0.16235448837280275
0.091,0.091,0.0
0.091,0.091,0.1336507034301758
0.091,0.091,0.0
0.091,0.091,0.10360889434814453
0.091,0.091,0.0
-0.08,-0.08,0.0
-0.08,-0.08,0.1612792205810547
-0.08,-0.08,0.0
-0.08,-0.08,0.0
-0.08,-0.08,0.0
-0.08,-0.08,0.0
-0.08,-0.08,0.0
-0.08,-0.08,0.0
-0.08,-0.08,0.0
-0.08,-0.08,0.0
-0.08,-0.08,0.0
-0.08,-0.08,0.0
-0.08,-0.08,0.0
0.091,0.091,0.0
0.091,0.091,0.0
0.091,0.091,0.20718259811401368
0.091,0.091,0.0
0.091,0.091,0.30053343772888186
0.091,0.091,0.0
0.091,0.091,0.24824453353881837
0.091,0.091,0.0
0.091,0.091,0.18883774757385255
0.091,0.091,0.0
0.091,0.091,0.18955016136169434
-0.08,-0.08,0.0
-0.08,-0.08,0.0
-0.08,-0.08,0.0
-0.08,-0.08,0.0
-0.08,-0.08,0.0
-0.08,-0.08,0.0
-0.08,-0.08,0.0
-0.08,-0.08,0.0
-0.08,-0.08,0.0
-0.08,-0.08,0.0
-0.08,-0.08,0.0
-0.08,-0.08,0.0
-0.08,-0.08,0.0
0.091,0.091,0.0
0.091,0.091,0.0
0.091,0.091,0.0
0.091,0.091,0.0
0.091,0.091,0.0
0.091,0.091,0.11676782608032227
0.091,0.091,0.0
0.091,0.091,0.0
0.091,0.091,0.0
0.091,0.091,0.0
0.091,0.091,0.0
-0.08,-0.08,0.0
-0.08,-0.08,0.0
-0.08,-0.08,0.0
-0.08,-0.08,0.0
-0.08,-0.08,0.0
-0.08,-0.08,0.0
-0.08,-0.08,0.0
-0.08,-0.08,0.0
-0.08,-0.08,0.0
-0.08,-0.08,-0.11690115928649902
-0.08,-0.08,0.0
-0.08,-0.08,0.0
-0.08,-0.08,0.0
0.091,0.091,0.0
0.091,0.091,0.0
0.091,0.091,0.0
0.091,0.091,0.0
0.091,0.091,0.0
0.091,0.091,0.0
0.091,0.091,0.0
0.091,0.091,0.0
0.091,0.091,0.0
0.091,0.091,0.0
0.091,0.091,0.0
-0.08,-0.08,0.0
-0.08,-0.08,0.0
-0.08,-0.08,0.0
-0.08,-0.08,0.0
-0.08,-0.08,0.0
-0.08,-0.08,0.0
-0.08,-0.08,0.0
-0.08,-0.08,0.0
-0.08,-0.08,0.0
-0.08,-0.08,0.0
-0.08,-0.08,0.0
-0.08,-0.08,0.0
-0.08,-0.08,0.0
0.091,0.091,0.0
0.091,0.091,0.0
0.091,0.091,0.0
0.091,0.091,0.0
0.091,0.091,0.0
0.091,0.091,0.0
0.091,0.091,0.0
0.091,0.091,0.0
0.091,0.091,0.0
0.091,0.091,0.0
0.091,0.091,0.0
-0.08,-0.08,0.0
-0.08,-0.08,0.0
-0.08,-0.08,-0.1082614803314209
-0.08,-0.08,0.0
-0.08,-0.08,0.0
-0.08,-0.08,-0.1386293888092041
-0.08,-0.08,0.0
-0.08,-0.08,-0.13635725021362305
-0.08,-0.08,0.0
-0.08,-0.08,0.0
-0.08,-0.08,0.0
-0.08,-0.08,0.0
-0.08,-0.08,0.0
0.091,0.091,0.0
0.091,0.091,0.0
0.091,0.091,0.0
0.091,0.091,0.0
0.091,0.091,0.0
0.091,0.091,0.0
0.091,0.091,0.16489837646484376
0.091,0.091,0.0
0.091,0.091,0.1204968547821045
0.091,0.091,0.0
0.091,0.091,0.103450927734375
-0.08,-0.08,0.0
-0.08,-0.08,0.0
-0.08,-0.08,0.0
-0.08,-0.08,0.0
-0.08,-0.08,0.0
-0.08,-0.08,0.0
-0.08,-0.08,0.0
-0.08,-0.08,-0.16982232093811037
-0.08,-0.08,0.0
-0.08,-0.08,-0.2237034034729004
-0.08,-0.08,0.0
-0.08,-0.08,0.0
-0.08,-0.08,0.0
0.091,0.091,0.0
0.091,0.091,0.0
0.091,0.091,0.0
0.091,0.091,0.0
0.091,0.091,0.0
0.091,0.091,0.0
0.091,0.091,0.0
0.091,0.091,0.12912910461425783
0.091,0.091,0.0
0.091,0.091,0.0
0.091,0.091,0.0
-0.08,-0.08,0.0
-0.08,-0.08,0.0
-0.08,-0.08,0.0
-0.08,-0.08,0.0
-0.08,-0.08,0.0
-0.08,-0.08,0.0
-0.08,-0.08,0.0
-0.08,-0.08,0.0
-0.08,-0.08,0.0
-0.08,-0.08,0.0
-0.08,-0.08,0.0
-0.08,-0.08,0.0
-0.08,-0.08,0.0
0.091,0.091,0.0
0.091,0.091,0.0
0.091,0.091,0.0
0.091,0.091,0.0
0.091,0.091,0.0
0.091,0.091,0.0
0.091,0.091,0.0
0.091,0.091,0.0
0.091,0.091,0.0
0.091,0.091,0.0
0.091,0.091,0.0
-0.08,-0.08,0.0
-0.08,-0.08,0.0
-0.08,-0.08,0.0
-0.08,-0.08,0.0
