cooling demand,heating demand,cooling electricity consumption,heating electricity consumption,dhw demand,dhw electricity consumption,dhw storage electricity consumption,positive dhw storage electricity consumption,negative dhw storage electricity consumption,dhw soc storage,dhw capacity,dhw stored energy (?),electrical storage electricity consumption,positive electrical storage electricity consumption,negative electrical storage electricity consumption,electrical storage soc,electrical capacity history,stored electrical energy,energy from cooling device,energy from dhw device,energy from dhw device to dhw storage,energy from dhw storage,energy from electrical storage,energy from heating device,energy to electrical storage,energy to non shiftable load,net electricity consumption,positive net electricity consumption,negative net electricity consumption,net electricity consumption without storage,net electricity consumption without storage and pv,non shiftable load,solar generation,indoor_temperature,heating_sp,cooling_sp,comfort_band
0.5179084,0.0,0.02589542,0.0,0.0,0.0,0.0,0.0,0.0,0.0,0.0,0.0,0.0,0.0,0.0,0.0,5.0,0.0,0.5179084,-0.0,0.0,-0.0,-0.0,0.0,0.0,0.36628777,0.39218318,0.39218318,0.0,0.39218318,0.39218318,0.36628777,-0.0,17.263021,17.222221,17.222221,2.0
0.0784016,0.0,0.00392008,0.0,0.0,0.0,0.0,0.0,0.0,0.0,0.0,0.0,0.0,0.0,0.0,0.0,5.0,0.0,0.0784016,-0.0,0.0,-0.0,-0.0,0.0,0.0,0.39111772,0.3950378,0.3950378,0.0,-0.23617831,-0.23617831,0.39111772,-0.0,17.222553,17.222221,17.222221,2.0
0.0,0.420589,0.0,0.0,0.0,0.0,0.0,0.0,0.0,0.0,0.0,0.0,0.0,0.0,0.0,0.0,5.0,0.0,0.0,-0.0,0.0,-0.0,-0.0,0.420589,0.0,0.32408357,0.32408357,0.32408357,0.0,-0.40616244,-0.40616244,0.32408357,-0.0,17.222221,17.222221,17.222221,2.0
0.0,0.87133926,0.0,0.0,0.0,0.0,0.0,0.0,0.0,0.0,0.0,0.0,2.058412,2.058412,0.0,0.3972694,4.999948088877975,1.9863263671698763,0.0,-0.0,0.0,-0.0,-0.0,0.0,2.058412,0.33162355,2.3900356,2.3900356,0.0,1.2701895,1.2701895,0.33162355,-0.0,17.222221,17.222221,17.222221,2.0
0.0,0.5501786,0.0,0.0,0.9890721,1.0235727,0.0,0.0,0.0,0.0,0.0,0.0,1.3250327,1.3250327,0.0,0.64684683,4.999914672513137,3.2341789604099347,0.0,-0.0,0.0,-0.0,-0.0,0.5501786,1.3250327,0.38727137,1.7123041,1.7123041,0.0,-2.123275,-2.123275,0.38727137,-0.0,17.222221,17.222221,17.222221,2.0
0.0,1.6105301,0.0,0.0,0.0,0.0,0.0,0.0,0.0,0.0,0.0,0.0,-1.1576822,0.0,-1.1576822,0.39838442,4.99988547641229,1.991876485905835,0.0,-0.0,0.0,-0.0,1.1576822,0.032594204,0.0,0.47115648,-0.6865257,0.0,-0.6865257,2.1708355,2.1708355,0.47115648,-0.0,17.222221,17.222221,17.222221,2.0
0.0,1.719433,0.0,0.0,0.0,0.0,0.0,0.0,0.0,0.0,0.0,0.0,1.132831,1.132831,0.0,0.610056,4.9998569068781356,3.0501926205176653,0.0,-0.0,0.0,-0.0,-0.0,1.719433,1.132831,0.47556007,1.608391,1.608391,0.0,-4.7169304,-4.7169304,0.47556007,-0.0,17.222221,17.222221,17.222221,2.0
0.0,2.2381036,0.0,0.0,0.0,0.0,0.0,0.0,0.0,0.0,0.0,0.0,-1.3193613,0.0,-1.3193613,0.32904765,4.999823632934637,1.645180217325591,0.0,-0.0,0.0,-0.0,1.3193613,0.43637514,0.0,0.45217428,-0.867187,0.0,-0.867187,2.3929121,2.3929121,0.45217428,-0.0,17.222221,17.222221,17.222221,2.0
0.0,1.8500032,0.0,0.0,0.0,0.0,0.0,0.0,0.0,0.0,0.0,0.0,-0.8491155,0.0,-0.8491155,0.14677419,4.999802218324195,0.7338419091754906,0.0,-0.0,0.0,-0.0,0.8491155,1.8500032,0.0,0.40526554,-0.46876666,0.0,-0.46876666,-3.5183482,-3.4934316,0.40526554,-0.024916718,17.222221,17.222221,17.222221,2.0
0.0,1.3184175,0.0,0.0,0.38576666,0.3992229,0.0,0.0,0.0,0.0,0.0,0.0,0.73031276,0.73031276,0.0,0.28178334,4.999783799828115,1.408855790200198,0.0,-0.0,0.0,-0.0,-0.0,0.0,0.73031276,0.4976451,1.1502706,1.1502706,0.0,1.8400958,1.917783,0.4976451,-0.07768728,17.222221,17.222221,17.222221,2.0
0.0,0.28055826,0.0,0.0,1.0665494,1.1037526,0.0,0.0,0.0,0.0,0.0,0.0,0.8992833,0.8992833,0.0,0.4485811,4.999761119809951,2.242798340412661,0.0,-0.0,0.0,-0.0,-0.0,0.0,0.8992833,0.42868608,1.2055687,1.2055687,0.0,0.60848963,0.7308903,0.42868608,-0.12240067,17.222221,17.222221,17.222221,2.0
0.0,0.3357613,0.0,0.0,0.19288345,0.19961157,0.0,0.0,0.0,0.0,0.0,0.0,2.0893712,2.0893712,0.0,0.8493173,4.999708425411694,4.246338921857346,0.0,-0.0,0.0,-0.0,-0.0,0.0,2.0893712,0.37205753,2.3068295,2.3068295,0.0,0.5791247,0.73372394,0.37205753,-0.15459926,17.222221,17.222221,17.222221,2.0
0.3004059,0.0,0.015571171,0.0,0.3972446,0.41110122,0.0,0.0,0.0,0.0,0.0,0.0,0.7726328,0.7726328,0.0,0.9945871,4.999688939238865,4.972626239942445,0.3004059,-0.0,0.0,-0.0,-0.0,0.0,0.7726328,2.6920938,3.3236785,3.3236785,0.0,-2.392115,-2.2354958,2.6920938,-0.15661922,17.222221,17.222221,17.222221,2.0
0.5181655,0.0,0.031253714,0.0,0.19288337,0.1996115,0.0,0.0,0.0,0.0,0.0,0.0,0.049601432,0.049601432,0.0,0.9992208,4.999687688261855,4.995791874013016,0.5181655,-0.0,0.0,-0.0,-0.0,0.0,0.049601432,0.374492,0.30524695,0.30524695,0.0,0.2556455,0.40574574,0.374492,-0.15010022,17.222221,17.222221,17.222221,2.0
0.89058083,0.0,0.053716347,0.0,0.0,0.0,0.0,0.0,0.0,0.0,0.0,0.0,0.026538301,0.026538301,0.0,0.999547,4.99968701895027,4.99742218422775,0.89058083,-0.0,0.0,-0.0,-0.0,0.0,0.026538301,0.45781758,0.4095621,0.4095621,0.0,0.3830238,0.5115339,0.45781758,-0.1285101,17.204979,17.222221,17.222221,2.0
0.0,1.2887436,0.0,0.0,0.19288345,0.19961157,0.0,0.0,0.0,0.0,0.0,0.0,0.024914045,0.024914045,0.0,0.9995703,4.999686390603301,4.9975380759371575,0.0,-0.0,0.0,-0.0,-0.0,0.62347513,0.024914045,0.45682323,0.39482498,0.39482498,0.0,1.0865071,1.1734194,0.45682323,-0.08691232,18.838297,17.222221,17.222221,2.0
0.06388494,0.0,0.0031942471,0.0,0.0,0.0,0.0,0.0,0.0,0.0,0.0,0.0,0.024797425,0.024797425,0.0,0.99957186,4.999685765197485,4.997545198916917,0.06388494,-0.0,0.0,-0.0,-0.0,0.0,0.024797425,0.69214076,0.68957067,0.68957067,0.0,-0.29217893,-0.26161715,0.69214076,-0.030561775,18.320892,17.222221,17.222221,2.0
0.56452346,0.0,0.028226173,0.0,0.0,0.0,0.0,0.0,0.0,0.0,0.0,0.0,-0.65379775,0.0,-0.65379775,0.85381967,4.999669276026979,4.268815962832055,0.56452346,-0.0,0.0,-0.0,0.65379775,0.0,0.0,0.8754759,0.24990433,0.24990433,0.0,0.8545517,0.8545517,0.8754759,-0.0,17.68424,17.222221,17.222221,2.0
1.4413953,0.0,0.072069764,0.0,0.57864857,0.5988329,0.0,0.0,0.0,0.0,0.0,0.0,0.75018525,0.75018525,0.0,0.9930536,4.999650355843487,4.964920860072534,1.4413953,-0.0,0.0,-0.0,-0.0,0.0,0.75018525,0.9186642,1.7409192,1.7409192,0.0,0.990734,0.990734,0.9186642,-0.0,16.82951,17.222221,17.222221,2.0
0.44107884,0.0,0.022053942,0.0,0.1691457,0.17504582,0.0,0.0,0.0,0.0,0.0,0.0,-0.70739,0.0,-0.70739,0.8360622,4.999632514917631,4.180003724200521,0.44107884,-0.0,0.0,-0.0,0.70739,0.0,0.0,2.3397303,1.6543941,1.6543941,0.0,2.2637115,2.2637115,2.3397303,-0.0,17.037848,19.444445,19.444445,2.0
0.45125535,0.0,0.022562768,0.0,0.0,0.0,0.0,0.0,0.0,0.0,0.0,0.0,0.27811557,0.27811557,0.0,0.883025,4.9996255006017565,4.4147942604655235,0.45125535,-0.0,0.0,-0.0,-0.0,0.0,0.27811557,0.6965788,0.9972571,0.9972571,0.0,0.66999114,0.66999114,0.6965788,-0.0,16.81453,21.11111,21.11111,2.0
1.4146762,0.0,0.07073381,0.0,0.0,0.0,0.0,0.0,0.0,0.0,0.0,0.0,-0.67113847,0.0,-0.67113847,0.7341571,4.99960857388389,3.670498058836946,1.4146762,-0.0,0.0,-0.0,0.67113847,0.0,0.0,0.57241136,-0.027993321,0.0,-0.027993321,0.59399474,0.59399474,0.57241136,-0.0,15.732406,21.11111,21.11111,2.0
0.8184695,0.0,0.040923476,0.0,0.19288333,0.19961146,0.0,0.0,0.0,0.0,0.0,0.0,1.3456886,1.3456886,0.0,0.9895022,4.999574634288343,4.9470900574140035,0.8184695,-0.0,0.0,-0.0,-0.0,0.0,1.3456886,0.4214056,1.8080177,1.8080177,0.0,0.46232915,0.46232915,0.4214056,-0.0,15.44541,20.0,20.0,2.0
1.1771597,0.0,0.058857985,0.0,0.3857661,0.3992223,0.0,0.0,0.0,0.0,0.0,0.0,-0.73658943,0.0,-0.73658943,0.82640564,4.99955605664902,4.131661344792994,1.1771597,-0.0,0.0,-0.0,0.73658943,0.0,0.0,0.4004935,-0.27723795,0.0,-0.27723795,0.36127883,0.36127883,0.4004935,-0.0,14.79705,18.333334,18.333334,2.0
0.7120907,0.0,0.035604533,0.0,0.0,0.0,0.0,0.0,0.0,0.0,0.0,0.0,0.8865124,0.8865124,0.0,0.99358654,4.999533697695597,4.96746938941751,0.7120907,-0.0,0.0,-0.0,-0.0,0.0,0.8865124,0.36628777,1.2884047,1.2884047,0.0,0.4018923,0.4018923,0.36628777,-0.0,14.504223,19.444445,19.444445,2.0
1.3885989,0.0,0.06942995,0.0,0.0,0.0,0.0,0.0,0.0,0.0,0.0,0.0,-0.7030084,0.0,-0.7030084,0.8375124,4.999515966863306,4.187156485879906,1.3885989,-0.0,0.0,-0.0,0.7030084,0.0,0.0,0.37762377,-0.25595468,0.0,-0.25595468,0.44705373,0.44705373,0.37762377,-0.0,13.772769,21.11111,21.11111,2.0
1.1194552,0.0,0.055972762,0.0,0.0,0.0,0.0,0.0,0.0,0.0,0.0,0.0,0.8311938,0.8311938,0.0,0.9927329,4.99949500294603,4.963163085317432,1.1194552,-0.0,0.0,-0.0,-0.0,0.0,0.8311938,0.32408357,1.2112501,1.2112501,0.0,0.38005626,0.38005626,0.32408357,-0.0,13.554396,17.777779,17.777779,2.0
0.0,2.3698502,0.0,0.0,0.68142587,0.70519525,0.0,0.0,0.0,0.0,0.0,0.0,0.058636103,0.058636103,0.0,0.99905753,4.99949352405199,4.994781658173747,0.0,-0.0,0.0,-0.0,-0.0,2.3698502,0.058636103,0.33162355,0.39025965,0.39025965,0.0,0.13638628,0.13638628,0.33162355,-0.0,15.02689,17.777779,17.777779,2.0
0.6674851,0.0,0.033374257,0.0,0.0,0.0,0.0,0.0,0.0,0.0,0.0,0.0,0.027156673,0.027156673,0.0,0.9994993,4.999492839118096,4.9969896979623405,0.6674851,-0.0,0.0,-0.0,-0.0,0.0,0.027156673,0.3979397,0.45847064,0.45847064,0.0,0.38216358,0.38216358,0.3979397,-0.0,13.762773,17.777779,17.777779,2.0
0.5041182,0.0,0.02520591,0.0,0.0,0.0,0.0,0.0,0.0,0.0,0.0,0.0,0.02495719,0.02495719,0.0,0.9995309,4.999492209658552,4.997147005085277,0.5041182,-0.0,0.0,-0.0,-0.0,0.0,0.02495719,0.47115648,0.52131957,0.52131957,0.0,0.4963624,0.4963624,0.47115648,-0.0,13.50531,17.777779,17.777779,2.0
1.1061119,0.0,0.055305593,0.0,0.0,0.0,0.0,0.0,0.0,0.0,0.0,0.0,-0.6541344,0.0,-0.6541344,0.85370797,4.999475711358898,4.2680922565523876,1.1061119,-0.0,0.0,-0.0,0.6541344,0.0,0.0,0.5518237,-0.047005117,0.0,-0.047005117,0.6071293,0.6071293,0.5518237,-0.0,13.02145,18.88889,18.88889,2.0
0.90242624,0.0,0.045121312,0.0,0.8614271,0.8914753,0.0,0.0,0.0,0.0,0.0,0.0,0.75054765,0.75054765,0.0,0.9944245,4.999456781302639,4.971582419621903,0.90242624,-0.0,0.0,-0.0,-0.0,0.0,0.75054765,0.50359637,1.2992654,1.2992654,0.0,0.40194964,0.40194964,0.50359637,-0.0,12.85254,17.222221,17.222221,2.0
1.1205178,0.0,0.056025892,0.0,0.0,0.0,0.0,0.0,0.0,0.0,0.0,0.0,0.050178546,0.050178546,0.0,0.9991665,4.999455515711697,4.995288412782837,1.1205178,-0.0,0.0,-0.0,-0.0,0.0,0.050178546,0.45936897,0.54180664,0.54180664,0.0,0.4424777,0.4662445,0.45936897,-0.02376678,12.533356,17.222221,17.222221,2.0
0.0,4.5765986,0.0,0.0,0.5791991,0.5994026,0.0,0.0,0.0,0.0,0.0,0.0,0.026576381,0.026576381,0.0,0.9995001,4.999454845408586,4.996955597154976,0.0,-0.0,0.0,-0.0,-0.0,4.5765986,0.026576381,0.4431241,0.4092025,0.4092025,0.0,0.3334757,0.39397368,0.4431241,-0.06049798,15.634606,17.222221,17.222221,2.0
0.7097975,0.0,0.035489876,0.0,0.9754168,1.0094411,0.0,0.0,0.0,0.0,0.0,0.0,0.02491534,0.02491534,0.0,0.9994579,4.999454216999787,4.9967439916499075,0.7097975,-0.0,0.0,-0.0,-0.0,0.0,0.02491534,0.48234865,0.4864627,0.4864627,0.0,0.41239697,0.46868813,0.48234865,-0.05629117,14.310586,17.222221,17.222221,2.0
0.0,0.4965916,0.0,0.0,0.0,0.0,0.0,0.0,0.0,0.0,0.0,0.0,0.025124742,0.025124742,0.0,0.9995208,4.999453583309414,4.997057738443984,0.0,-0.0,0.0,-0.0,-0.0,0.0,0.025124742,0.5626313,0.5455816,0.5455816,0.0,1.0553622,1.0975367,0.5626313,-0.04217445,14.522984,17.222221,17.222221,2.0
0.12533036,0.0,0.009508433,0.0,1.0054222,1.0404932,0.0,0.0,0.0,0.0,0.0,0.0,0.024811137,0.024811137,0.0,0.9995252,4.999452957528614,4.997079164268775,0.12533036,-0.0,0.0,-0.0,-0.0,0.0,0.024811137,0.5651552,0.5624527,0.5624527,0.0,0.5376415,0.57466364,0.5651552,-0.037022132,14.53849,17.222221,17.222221,2.0
0.25114194,0.0,0.016923115,0.0,0.19306625,0.19980076,0.0,0.0,0.0,0.0,0.0,0.0,0.02478856,0.02478856,0.0,0.99952537,4.999452332317172,4.99707943332593,0.25114194,-0.0,0.0,-0.0,-0.0,0.0,0.02478856,0.374492,0.3832473,0.3832473,0.0,0.35845873,0.39141512,0.374492,-0.03295639,14.539493,17.222221,17.222221,2.0
0.29711708,0.0,0.020021135,0.0,0.57914805,0.5993498,0.0,0.0,0.0,0.0,0.0,0.0,0.024787044,0.024787044,0.0,0.9994233,4.9994517071438915,4.996568648639631,0.29711708,-0.0,0.0,-0.0,-0.0,0.0,0.024787044,0.40463504,0.4298602,0.4298602,0.0,-0.3534839,-0.33390087,0.40463504,-0.019583024,14.5338125,17.222221,17.222221,2.0
1.2527333,0.0,0.064933896,0.0,0.0,0.0,0.0,0.0,0.0,0.0,0.0,0.0,0.02529429,0.02529429,0.0,0.99951786,4.999451069176869,4.997040623981518,1.2527333,-0.0,0.0,-0.0,-0.0,0.0,0.02529429,0.5147195,0.59263617,0.59263617,0.0,0.51819146,0.530503,0.5147195,-0.012311514,13.8934355,17.222221,17.222221,2.0
0.0,1.0762745,0.0,0.0,0.0,0.0,0.0,0.0,0.0,0.0,0.0,0.0,0.024823159,0.024823159,0.0,0.9994616,4.999450443092551,4.996758695197521,0.0,-0.0,0.0,-0.0,-0.0,0.0,0.024823159,0.75903153,0.7800609,0.7800609,0.0,1.9145504,1.9183443,0.75903153,-0.0037938398,14.862954,17.222221,17.222221,2.0
0.19520178,0.0,0.010118045,0.0,0.19306658,0.1998011,0.0,0.0,0.0,0.0,0.0,0.0,0.025102574,0.025102574,0.0,0.99952036,4.999449809960798,4.997051880970628,0.19520178,-0.0,0.0,-0.0,-0.0,0.0,0.025102574,1.0660496,1.1012702,1.1012702,0.0,-0.2542112,-0.2542112,1.0660496,0.0,14.549441,17.222221,17.222221,2.0
1.3013883,0.0,0.065069415,0.0,0.12547864,0.12985557,0.0,0.0,0.0,0.0,0.0,0.0,0.02480944,0.02480944,0.0,0.9994774,4.999449184222325,4.996836404459147,1.3013883,-0.0,0.0,-0.0,-0.0,0.0,0.02480944,0.88635784,0.9762367,0.9762367,0.0,0.9514273,0.9514273,0.88635784,-0.0,13.945101,17.222221,17.222221,2.0
0.86356306,0.0,0.044761732,0.0,0.3855519,0.39900064,0.0,0.0,0.0,0.0,0.0,0.0,0.025022702,0.025022702,0.0,0.99952126,4.999448553104931,4.997055094572923,0.86356306,-0.0,0.0,-0.0,-0.0,0.0,0.025022702,1.0819646,1.1517491,1.1517491,0.0,1.1267264,1.1267264,1.0819646,-0.0,13.961562,17.222221,17.222221,2.0
0.38819578,0.0,0.026158443,0.0,0.3861307,0.39959964,0.0,0.0,0.0,0.0,0.0,0.0,0.024803733,0.024803733,0.0,0.9995243,4.999447927510245,4.997069666783944,0.38819578,-0.0,0.0,-0.0,-0.0,0.0,0.024803733,2.790671,2.841633,2.841633,0.0,2.6700613,2.6700613,2.790671,-0.0,14.189116,17.222221,17.222221,2.0
0.0,0.5881816,0.0,0.0,0.0,0.0,0.0,0.0,0.0,0.0,0.0,0.0,-0.33481613,0.0,-0.33481613,0.92177457,4.99943948284536,4.608356160410716,0.0,-0.0,0.0,-0.0,0.33481613,0.5881816,0.0,0.7864259,0.45160976,0.45160976,0.0,0.7372755,0.7372755,0.7864259,-0.0,14.664293,17.222221,17.222221,2.0
0.0,1.4060053,0.0,0.0,0.0,0.0,0.0,0.0,0.0,0.0,0.0,0.0,0.4117421,0.4117421,0.0,0.9955752,4.999429097951799,4.977307572037395,0.0,-0.0,0.0,-0.0,-0.0,1.0881928,0.4117421,0.47916222,0.8909043,0.8909043,0.0,0.821495,0.821495,0.47916222,-0.0,15.159253,17.222221,17.222221,2.0
1.3908066,0.0,0.06954033,0.0,0.0,0.0,0.0,0.0,0.0,0.0,0.0,0.0,-0.6866579,0.0,-0.6866579,0.84292644,4.9994117791393,4.214136386198105,1.3908066,-0.0,0.0,-0.0,0.6866579,0.0,0.0,0.4004935,-0.21662408,0.0,-0.21662408,0.47003382,0.47003382,0.4004935,-0.0,13.64764,18.88889,18.88889,2.0
1.1441706,0.0,0.05720853,0.0,0.0,0.0,0.0,0.0,0.0,0.0,0.0,0.0,0.7484019,0.7484019,0.0,0.9781893,4.999392902961464,4.8903525920284485,1.1441706,-0.0,0.0,-0.0,-0.0,0.0,0.7484019,0.36628777,1.1718981,1.1718981,0.0,-0.08547044,-0.08547044,0.36628777,-0.0,13.418074,19.444445,19.444445,2.0
1.3643286,0.0,0.06821643,0.0,0.19324495,0.19998568,0.0,0.0,0.0,0.0,0.0,0.0,0.13091786,0.13091786,0.0,0.9981051,4.999389600941197,4.9899163012707675,1.3643286,-0.0,0.0,-0.0,-0.0,0.0,0.13091786,0.37762377,0.576758,0.576758,0.0,0.44584018,0.44584018,0.37762377,-0.0,12.997925,17.777779,17.777779,2.0
1.2991122,0.0,0.06495561,0.0,0.0,0.0,0.0,0.0,0.0,0.0,0.0,0.0,-0.6658572,0.0,-0.6658572,0.84981996,4.999372806629302,4.248566789605881,1.2991122,-0.0,0.0,-0.0,0.6658572,0.0,0.0,0.32408357,-0.27681804,0.0,-0.27681804,0.38903916,0.38903916,0.32408357,-0.0,12.7778015,17.777779,17.777779,2.0
1.3962891,0.0,0.06981446,0.0,0.0,0.0,0.0,0.0,0.0,0.0,0.0,0.0,0.7697955,0.7697955,0.0,0.9905565,4.9993533907112155,4.9521418894817675,1.3962891,-0.0,0.0,-0.0,-0.0,0.0,0.7697955,0.33162355,1.1712334,1.1712334,0.0,0.25466985,0.25466985,0.33162355,-0.0,12.517854,17.777779,17.777779,2.0
1.4033484,0.0,0.07016742,0.0,0.0,0.0,0.0,0.0,0.0,0.0,0.0,0.0,0.06932651,0.06932651,0.0,0.9988843,4.999351642138828,4.99377396679403,1.4033484,-0.0,0.0,-0.0,-0.0,0.0,0.06932651,0.38727137,0.5267653,0.5267653,0.0,0.45743877,0.45743877,0.38727137,-0.0,12.32316,17.777779,17.777779,2.0
1.122147,0.0,0.05610735,0.0,0.0,0.0,0.0,0.0,0.0,0.0,0.0,0.0,-0.270164,0.0,-0.270164,0.935119,4.999344827985322,4.674982202494116,1.122147,-0.0,0.0,-0.0,0.270164,0.0,0.0,0.4525082,0.23845154,0.23845154,0.0,0.50861555,0.50861555,0.4525082,-0.0,12.092354,17.777779,17.777779,2.0
0.0,1.6864673,0.0,0.0,0.0,0.0,0.0,0.0,0.0,0.0,0.0,0.0,0.34523195,0.34523195,0.0,0.99600357,4.999336120435099,4.979356614446796,0.0,-0.0,0.0,-0.0,-0.0,0.0,0.34523195,0.6661338,1.0113658,1.0113658,0.0,2.4827175,2.4827175,0.6661338,-0.0,12.906796,17.222221,17.222221,2.0
1.081383,0.0,0.05406915,0.0,0.0,0.0,0.0,0.0,0.0,0.0,0.0,0.0,0.024659932,0.024659932,0.0,0.9958885,4.999335498453363,4.97878058858731,1.081383,-0.0,0.0,-0.0,-0.0,0.0,0.024659932,0.5271989,0.605928,0.605928,0.0,0.5812681,0.5812681,0.5271989,-0.0,12.069846,17.222221,17.222221,2.0
1.4301429,0.0,0.07150714,0.0,0.0,0.0,0.0,0.0,0.0,0.0,0.0,0.0,-0.68408215,0.0,-0.68408215,0.8437797,4.999318244283253,4.218323163942853,1.4301429,-0.0,0.0,-0.0,0.68408215,0.0,0.0,0.51018864,-0.10298411,0.0,-0.10298411,0.581098,0.5816958,0.51018864,-0.0005977531,11.722158,17.222221,17.222221,2.0
0.92107755,0.0,0.04605388,0.0,0.0,0.0,0.0,0.0,0.0,0.0,0.0,0.0,0.7998035,0.7998035,0.0,0.9942836,4.9992980712774475,4.9707201664852665,0.92107755,-0.0,0.0,-0.0,-0.0,0.0,0.7998035,0.4431241,1.2823184,1.2823184,0.0,-1.7220695,-1.7154064,0.4431241,-0.00666306,11.689463,17.222221,17.222221,2.0
0.057321165,0.0,0.0034573881,0.0,0.19324496,0.1999857,0.0,0.0,0.0,0.0,0.0,0.0,0.050721128,0.050721128,0.0,0.9991273,4.999296791961047,4.994934047609952,0.057321165,-0.0,0.0,-0.0,-0.0,0.0,0.050721128,0.42868608,0.4692974,0.4692974,0.0,0.3694259,0.3829931,0.42868608,-0.0135672055,12.085882,18.88889,18.88889,2.0
0.0875809,0.0,0.0052825366,0.0,0.0,0.0,0.0,0.0,0.0,0.0,0.0,0.0,0.02661256,0.02661256,0.0,0.9994679,4.999296120724149,4.996636041932191,0.0875809,-0.0,0.0,-0.0,-0.0,0.0,0.02661256,0.37205753,0.39538127,0.39538127,0.0,0.36876872,0.37734008,0.37205753,-0.008571366,12.187849,17.222221,17.222221,2.0
1.3686593,0.0,0.068432964,0.0,0.7729749,0.7999377,0.0,0.0,0.0,0.0,0.0,0.0,0.024916807,0.024916807,0.0,0.999479,4.999295492258378,4.996690838309962,1.3686593,-0.0,0.0,-0.0,-0.0,0.0,0.024916807,0.5143356,0.5949458,0.5949458,0.0,0.57002896,0.58276856,0.5143356,-0.012739621,11.702564,17.222221,17.222221,2.0
1.0458413,0.0,0.052292068,0.0,0.0,0.0,0.0,0.0,0.0,0.0,0.0,0.0,0.024861,0.024861,0.0,0.99939966,4.999294865200117,4.996293598608431,1.0458413,-0.0,0.0,-0.0,-0.0,0.0,0.024861,0.374492,0.44250703,0.44250703,0.0,0.27087793,0.280016,0.374492,-0.009138063,11.62569,17.222221,17.222221,2.0
1.0044705,0.0,0.050645467,0.0,0.0,0.0,0.0,0.0,0.0,0.0,0.0,0.0,0.02525522,0.02525522,0.0,0.9994871,4.999294228198546,4.996730100346008,1.0044705,-0.0,0.0,-0.0,-0.0,0.0,0.02525522,0.45781758,0.5240208,0.5240208,0.0,0.44961518,0.4593126,0.45781758,-0.009697417,11.483463,17.222221,17.222221,2.0
0.803185,0.0,0.040159248,0.0,0.0,0.0,0.0,0.0,0.0,0.0,0.0,0.0,-0.6544946,0.0,-0.6544946,0.85358846,4.999277720160588,4.26732577964241,0.803185,-0.0,0.0,-0.0,0.6544946,0.0,0.0,0.6934958,0.070206836,0.070206836,0.0,0.7247014,0.73365504,0.6934958,-0.008953618,11.434547,17.222221,17.222221,2.0
0.7295356,0.0,0.03647678,0.0,0.16940905,0.17531835,0.0,0.0,0.0,0.0,0.0,0.0,0.44280678,0.44280678,0.0,0.9310605,4.999266551396998,4.65461957994411,0.7295356,-0.0,0.0,-0.0,-0.0,0.0,0.44280678,0.69214076,1.1677313,1.1677313,0.0,0.62685186,0.63054496,0.69214076,-0.0036931292,11.160479,17.222221,17.222221,2.0
0.26543355,0.0,0.013271677,0.0,0.38649,0.39997146,0.0,0.0,0.0,0.0,0.0,0.0,0.36535284,0.36535284,0.0,0.99465495,4.999257336207019,4.972536073178375,0.26543355,-0.0,0.0,-0.0,-0.0,0.0,0.36535284,0.9604451,1.3390696,1.3390696,0.0,0.97371674,0.97371674,0.9604451,0.0,11.533775,17.222221,17.222221,2.0
1.093854,0.0,0.054692697,0.0,0.0,0.0,0.0,0.0,0.0,0.0,0.0,0.0,-0.694224,0.0,-0.694224,0.8404206,4.999239825961707,4.201464152836462,1.093854,-0.0,0.0,-0.0,0.694224,0.0,0.0,1.177296,0.5377648,0.5377648,0.0,1.1339161,1.1339161,1.177296,-0.0,11.198566,17.222221,17.222221,2.0
1.3751264,0.0,0.07166681,0.0,0.19324483,0.19998556,0.0,0.0,0.0,0.0,0.0,0.0,-1.0293293,0.0,-1.0293293,0.61729944,4.9992138633449175,3.086011905899442,1.3751264,-0.0,0.0,-0.0,1.0293293,0.0,0.0,0.9669832,0.009320736,0.009320736,0.0,0.9894996,0.9894996,0.9669832,-0.0,11.000133,17.222221,17.222221,2.0
1.217527,0.0,0.06087635,0.0,0.32452187,0.33584177,0.0,0.0,0.0,0.0,0.0,0.0,-0.18733591,0.0,-0.18733591,0.5732997,4.9992091381751775,2.866045129059398,1.217527,-0.0,0.0,-0.0,0.18733591,0.0,0.0,4.0780845,3.9516249,3.9516249,0.0,4.138961,4.138961,4.0780845,-0.0,10.865086,17.222221,17.222221,2.0
1.3555908,0.0,0.06777954,0.0,0.1233207,0.12762235,0.0,0.0,0.0,0.0,0.0,0.0,1.1463807,1.1463807,0.0,0.78682387,4.999180223012119,3.9334743236565113,1.3555908,-0.0,0.0,-0.0,-0.0,0.0,1.1463807,0.7150877,1.9292479,1.9292479,0.0,0.7828672,0.7828672,0.7150877,-0.0,10.684643,18.88889,18.88889,2.0
1.3510584,0.0,0.07003046,0.0,0.0,0.0,0.0,0.0,0.0,0.0,0.0,0.0,1.0831362,1.0831362,0.0,0.99119985,4.999152902906307,4.955159612667277,1.3510584,-0.0,0.0,-0.0,-0.0,0.0,1.0831362,0.5369188,1.6900854,1.6900854,0.0,0.46018112,0.46018112,0.5369188,-0.0,10.58366,20.555555,20.555555,2.0
1.2550265,0.0,0.06505276,0.0,0.0,0.0,0.0,0.0,0.0,0.0,0.0,0.0,-0.72263145,0.0,-0.72263145,0.83102006,4.999134675765829,4.154381184212348,1.2550265,-0.0,0.0,-0.0,0.72263145,0.0,0.0,0.43045434,-0.22712433,0.0,-0.22712433,0.4463567,0.4463567,0.43045434,-0.0,10.51851,17.222221,17.222221,2.0
1.2613838,0.0,0.06894876,0.0,0.0,0.0,0.0,0.0,0.0,0.0,0.0,0.0,-1.3399782,0.0,-1.3399782,0.5448505,4.999100876987602,2.7237627535527613,1.2613838,-0.0,0.0,-0.0,1.3399782,0.0,0.0,0.36628777,-0.9047417,0.0,-0.9047417,0.4352365,0.4352365,0.36628777,-0.0,10.421744,17.777779,17.777779,2.0
1.3790362,0.0,0.071480654,0.0,0.0,0.0,0.0,0.0,0.0,0.0,0.0,0.0,1.861167,1.861167,0.0,0.90145946,4.999053931751049,4.506444435282005,1.3790362,-0.0,0.0,-0.0,-0.0,0.0,1.861167,0.39111772,2.3237653,2.3237653,0.0,0.36452568,0.36452568,0.39111772,-0.0,10.295225,18.333334,18.333334,2.0
1.285686,0.0,0.06664196,0.0,0.0,0.0,0.0,0.0,0.0,0.0,0.0,0.0,0.5124654,0.5124654,0.0,0.9950038,4.999041005432905,4.97406489407108,1.285686,-0.0,0.0,-0.0,-0.0,0.0,0.5124654,0.32408357,0.903191,0.903191,0.0,0.34157515,0.34157515,0.32408357,-0.0,10.251299,18.333334,18.333334,2.0
0.0,1.8171073,0.0,0.0,0.0,0.0,0.0,0.0,0.0,0.0,0.0,0.0,0.04687959,0.04687959,0.0,0.9991295,4.9990398229491015,4.994688029623309,0.0,-0.0,0.0,-0.0,-0.0,1.8171073,0.04687959,0.33162355,0.37850314,0.37850314,0.0,0.28247315,0.28247315,0.33162355,-0.0,11.191757,18.333334,18.333334,2.0
0.9452852,0.0,0.04726426,0.0,2.8938081,2.9947495,0.0,0.0,0.0,0.0,0.0,0.0,-0.031994432,0.0,-0.031994432,0.9874666,4.999039015926105,4.936383928925205,0.9452852,-0.0,0.0,-0.0,0.031994432,0.0,0.0,0.3979397,0.41320953,0.41320953,0.0,0.39605358,0.39605358,0.3979397,-0.0,10.568673,18.333334,18.333334,2.0
1.4727051,0.0,0.07363526,0.0,0.0,0.0,0.0,0.0,0.0,0.0,0.0,0.0,-0.0016133487,0.0,-0.0016133487,0.9825726,4.99903897523122,4.911918799112904,1.4727051,-0.0,0.0,-0.0,0.0016133487,0.0,0.0,0.4525082,0.5245302,0.5245302,0.0,0.47699314,0.47699314,0.4525082,-0.0,10.230158,18.333334,18.333334,2.0
1.3315091,0.0,0.06901714,0.0,0.0,0.0,0.0,0.0,0.0,0.0,0.0,0.0,0.108748004,0.108748004,0.0,0.9983084,4.99903623218661,4.990579963383165,1.3315091,-0.0,0.0,-0.0,-0.0,0.0,0.108748004,0.52637976,0.7041449,0.7041449,0.0,0.5462465,0.5462465,0.52637976,-0.0,10.044887,18.333334,18.333334,2.0
1.3845412,0.0,0.071766,0.0,0.0,0.0,0.0,0.0,0.0,0.0,0.0,0.0,-0.6641856,0.0,-0.6641856,0.8503743,4.999019478852109,4.251037597065471,1.3845412,-0.0,0.0,-0.0,0.6641856,0.0,0.0,0.4007522,-0.19166741,0.0,-0.19166741,0.42336777,0.42336777,0.4007522,-0.0,9.839482,19.444445,19.444445,2.0
0.0,0.32032064,0.0,0.0,1.0997663,1.1381282,0.0,0.0,0.0,0.0,0.0,0.0,-1.7125719,0.0,-1.7125719,0.49016348,4.9989762810078915,2.4503155867163215,0.0,-0.0,0.0,-0.0,1.7125719,0.0,0.0,0.40526554,-1.3127488,0.0,-1.3127488,0.74485743,0.75029993,0.40526554,-0.0054425206,10.382683,17.222221,17.222221,2.0
0.2110048,0.0,0.014218488,0.0,0.6010948,0.6220621,0.0,0.0,0.0,0.0,0.0,0.0,-1.6349937,0.0,-1.6349937,0.14945062,4.998935039636389,0.7470939162606987,0.2110048,-0.0,0.0,-0.0,1.6349937,0.0,0.0,0.4431241,-1.2174535,0.0,-1.2174535,-0.04729092,-0.007488601,0.4431241,-0.03980232,10.491207,18.88889,18.88889,2.0
0.9901108,0.0,0.06671829,0.0,0.0,0.0,0.0,0.0,0.0,0.0,0.0,0.0,2.2070024,2.2070024,0.0,0.57243913,4.998879369355582,2.8615541777689457,0.9901108,-0.0,0.0,-0.0,-0.0,0.0,2.2070024,0.42868608,2.6401308,2.6401308,0.0,0.3839779,0.44625404,0.42868608,-0.062276162,10.493506,18.88889,18.88889,2.0
0.0,1.4277397,0.0,0.0,1.2497329,1.2933258,0.0,0.0,0.0,0.0,0.0,0.0,-1.770538,0.0,-1.770538,0.2020241,4.998834708124704,1.0098850940100723,0.0,-0.0,0.0,-0.0,1.770538,1.4277397,0.0,0.42586178,-1.4035572,0.0,-1.4035572,0.31783044,0.37671143,0.42586178,-0.05888097,11.562138,18.333334,18.333334,2.0
0.60168797,0.0,0.06010872,0.0,0.0,0.0,0.0,0.0,0.0,0.0,0.0,0.0,2.2865872,2.2865872,0.0,0.638783,4.998777029207589,3.1931336773644525,0.60168797,-0.0,0.0,-0.0,-0.0,0.0,2.2865872,0.42878723,2.7271414,2.7271414,0.0,0.44055414,0.48889595,0.42878723,-0.048341814,11.5137005,18.333334,18.333334,2.0
0.7097344,0.0,0.07090257,0.0,0.0,0.0,0.0,0.0,0.0,0.0,0.0,0.0,-0.407705,0.0,-0.407705,0.54700935,4.998766744773928,2.7343721422084153,0.7097344,-0.0,0.0,-0.0,0.407705,0.0,0.0,0.4286083,0.052768096,0.052768096,0.0,0.3624004,0.40143818,0.4286083,-0.03903778,11.747467,18.88889,18.88889,2.0
0.0,5.0850344,0.0,0.0,0.0,0.0,0.0,0.0,0.0,0.0,0.0,0.0,2.2762861,2.2762861,0.0,0.9792755,4.998709324920612,4.895113696565731,0.0,-0.0,0.0,-0.0,-0.0,0.0,2.2762861,0.45781758,2.6713192,2.6713192,0.0,5.8723946,5.9351788,0.45781758,-0.062784374,15.061894,18.88889,18.88889,2.0
0.76644206,0.0,0.058147628,0.0,0.0,0.0,0.0,0.0,0.0,0.0,0.0,0.0,0.12482806,0.12482806,0.0,0.9980434,4.998706176067171,4.988925797192894,0.76644206,-0.0,0.0,-0.0,-0.0,0.0,0.12482806,0.630512,0.7454687,0.7454687,0.0,0.62064064,0.6886596,0.630512,-0.068018995,13.848141,19.444445,19.444445,2.0
0.068864696,0.0,0.005711331,0.0,0.0,0.0,0.0,0.0,0.0,0.0,0.0,0.0,0.031416595,0.031416595,0.0,0.999281,4.998705383566565,4.995111260260174,0.068864696,-0.0,0.0,-0.0,-0.0,0.0,0.031416595,0.8928131,0.90931714,0.90931714,0.0,0.87790054,0.8985244,0.8928131,-0.020623833,14.064573,19.444445,19.444445,2.0
0.8872608,0.0,0.07358546,0.0,0.38683483,0.40032834,0.0,0.0,0.0,0.0,0.0,0.0,0.025256377,0.025256377,0.0,0.9993693,4.998704746460697,4.995552179615142,0.8872608,-0.0,0.0,-0.0,-0.0,0.0,0.025256377,0.9604451,1.0588255,1.0588255,0.0,-3.8075266,-3.8070652,0.9604451,-0.00046141606,13.739293,19.444445,19.444445,2.0
0.0359605,0.0,0.0032874316,0.0,0.0,0.0,0.0,0.0,0.0,0.0,0.0,0.0,0.024816098,0.024816098,0.0,0.9993756,4.998704120461027,4.995582838338537,0.0359605,-0.0,0.0,-0.0,-0.0,0.0,0.024816098,0.9867223,1.0148258,1.0148258,0.0,0.9900097,0.9900097,0.9867223,-0.0,14.308809,19.444445,19.444445,2.0
0.0,1.441405,0.0,0.0,0.94670355,0.9797263,0.0,0.0,0.0,0.0,0.0,0.0,-0.4234855,0.0,-0.4234855,0.9025615,4.998693437806085,4.511628176121835,0.0,-0.0,0.0,-0.0,0.4234855,0.0,0.0,0.94929373,0.5258082,0.5258082,0.0,2.501908,2.501908,0.94929373,-0.0,15.400784,19.444445,19.444445,2.0
0.55633307,0.0,0.050858773,0.0,0.0,0.0,0.0,0.0,0.0,0.0,0.0,0.0,-1.3011748,0.0,-1.3011748,0.6238713,4.998660614885139,3.118521028264435,0.55633307,-0.0,0.0,-0.0,1.3011748,0.0,0.0,0.873099,-0.37721694,0.0,-0.37721694,0.9239578,0.9239578,0.873099,-0.0,14.759245,20.555555,20.555555,2.0
0.79792994,0.0,0.06053652,0.0,0.0,0.0,0.0,0.0,0.0,0.0,0.0,0.0,-1.7722759,0.0,-1.7722759,0.2528732,4.998615907858584,1.2640160606697357,0.79792994,-0.0,0.0,-0.0,1.7722759,0.0,0.0,0.7150877,-0.9966517,0.0,-0.9966517,-2.1641006,-2.1641006,0.7150877,-0.0,14.53438,20.555555,20.555555,2.0
0.62125224,0.0,0.056793544,0.0,0.19341847,0.20016527,0.0,0.0,0.0,0.0,0.0,0.0,-0.4952567,0.0,-0.4952567,0.14919326,4.998603414514962,0.7457579243298256,0.62125224,-0.0,0.0,-0.0,0.4952567,0.0,0.0,0.47916222,0.040699095,0.040699095,0.0,0.5359558,0.5359558,0.47916222,-0.0,14.558128,18.88889,18.88889,2.0
0.73711056,0.0,0.061132662,0.0,0.0,0.0,0.0,0.0,0.0,0.0,0.0,0.0,0.0,0.0,0.0,0.14850779,4.998603414514962,0.7423315400645354,0.73711056,-0.0,0.0,-0.0,-0.0,0.0,0.0,0.4004935,0.46162617,0.46162617,0.0,0.3635535,0.3635535,0.4004935,-0.0,14.419815,19.444445,19.444445,2.0
0.5166175,0.0,0.047228057,0.0,0.0,0.0,0.0,0.0,0.0,0.0,0.0,0.0,0.0,0.0,0.0,0.14782546,4.998603414514962,0.7389208721332373,0.5166175,-0.0,0.0,-0.0,-0.0,0.0,0.0,0.36628777,0.41351584,0.41351584,0.0,0.36436546,0.36436546,0.36628777,-0.0,14.556408,19.444445,19.444445,2.0
0.8476503,0.0,0.07030033,0.0,0.0,0.0,0.0,0.0,0.0,0.0,0.0,0.0,0.0,0.0,0.0,0.14714628,4.998603414514962,0.7355259205359316,0.8476503,-0.0,0.0,-0.0,-0.0,0.0,0.0,0.37762377,0.4479241,0.4479241,0.0,0.4479241,0.4479241,0.37762377,-0.0,14.30224,19.444445,19.444445,2.0
0.8949031,0.0,0.07253242,0.0,0.0,0.0,0.0,0.0,0.0,0.0,0.0,0.0,0.0,0.0,0.0,0.14647022,4.998603414514962,0.7321465363026275,0.8949031,-0.0,0.0,-0.0,-0.0,0.0,0.0,0.32408357,0.39661598,0.39661598,0.0,0.2985433,0.2985433,0.32408357,-0.0,14.249832,19.444445,19.444445,2.0
0.0,0.9029006,0.0,0.0,0.0,0.0,0.0,0.0,0.0,0.0,0.0,0.0,0.0,0.0,0.0,0.14579727,4.998603414514962,0.7287827194333253,0.0,-0.0,0.0,-0.0,-0.0,0.0,0.0,0.33162355,0.33162355,0.33162355,0.0,1.3041859,1.3041859,0.33162355,-0.0,15.149094,19.444445,19.444445,2.0
0.85496694,0.0,0.070907146,0.0,0.0,0.0,0.0,0.0,0.0,0.0,0.0,0.0,1.759057,1.759057,0.0,0.48376897,4.99855904043706,2.4181477573479815,0.85496694,-0.0,0.0,-0.0,-0.0,0.0,1.759057,0.38727137,2.2172356,2.2172356,0.0,-0.14216208,-0.14216208,0.38727137,-0.0,14.452141,19.444445,19.444445,2.0
0.0,0.66217697,0.0,0.0,0.0,0.0,0.0,0.0,0.0,0.0,0.0,0.0,1.5876907,1.5876907,0.0,0.78550845,4.998518988900967,3.926378922491359,0.0,-0.0,0.0,-0.0,-0.0,0.0,1.5876907,0.4525082,2.0401988,2.0401988,0.0,1.1657742,1.1657742,0.4525082,-0.0,15.157768,19.444445,19.444445,2.0
0.38639984,0.0,0.02931498,0.0,0.12615705,0.13055764,0.0,0.0,0.0,0.0,0.0,0.0,-0.032613277,0.0,-0.032613277,0.77469045,4.99851816618259,3.8723042836834125,0.38639984,-0.0,0.0,-0.0,0.032613277,0.0,0.0,0.7423974,0.73909914,0.73909914,0.0,-0.6111436,-0.6111436,0.7423974,-0.0,14.793562,19.444445,19.444445,2.0
0.8377321,0.0,0.06947777,0.0,0.0,0.0,0.0,0.0,0.0,0.0,0.0,0.0,0.8112848,0.8112848,0.0,0.92229867,4.99849770031531,4.610107780074465,0.8377321,-0.0,0.0,-0.0,-0.0,0.0,0.8112848,0.5550184,1.435781,1.435781,0.0,0.5753458,0.5753458,0.5550184,-0.0,14.56838,19.444445,19.444445,2.0
0.7511008,0.0,0.068664014,0.0,0.0,0.0,0.0,0.0,0.0,0.0,0.0,0.0,-0.28198108,0.0,-0.28198108,0.85632455,4.998490586893313,4.28033021994381,0.7511008,-0.0,0.0,-0.0,0.28198108,0.0,0.0,0.45936897,0.23174015,0.23174015,0.0,0.46457082,0.4788826,0.45936897,-0.014311789,14.462384,21.11111,21.11111,2.0
0.06818557,0.0,0.005655007,0.0,0.0,0.0,0.0,0.0,0.0,0.0,0.0,0.0,0.7365397,0.7365397,0.0,0.9944123,4.998472006478988,4.9705420592982765,0.06818557,-0.0,0.0,-0.0,-0.0,0.0,0.7365397,0.4431241,1.169637,1.169637,0.0,0.38394684,0.39962867,0.4431241,-0.01568184,14.726915,20.0,20.0,2.0
0.00827998,0.0,0.0007218213,0.0,0.0,0.0,0.0,0.0,0.0,0.0,0.0,0.0,0.049254585,0.049254585,0.0,0.9989829,4.998470763947223,4.993386851031278,0.00827998,-0.0,0.0,-0.0,-0.0,0.0,0.049254585,0.44637555,0.48598355,0.48598355,0.0,0.38757858,0.39794698,0.44637555,-0.010368418,14.890911,21.11111,21.11111,2.0
0.30169293,0.0,0.028433135,0.0,0.14351004,0.14851594,0.0,0.0,0.0,0.0,0.0,0.0,0.026505323,0.026505323,0.0,0.99923605,4.998470095304618,4.994651500419058,0.30169293,-0.0,0.0,-0.0,-0.0,0.0,0.026505323,3.7191074,3.7571914,3.7571914,0.0,3.7306862,3.7475405,3.7191074,-0.016854202,14.89702,19.444445,19.444445,2.0
0.4070696,0.0,0.041241795,0.0,0.09712237,0.10051018,0.0,0.0,0.0,0.0,0.0,0.0,0.025244765,0.025244765,0.0,0.99932253,4.9984694584616856,4.9950831633895545,0.4070696,-0.0,0.0,-0.0,-0.0,0.0,0.025244765,0.4796069,0.5301084,0.5301084,0.0,0.40679097,0.42277604,0.4796069,-0.015985087,14.963949,19.444445,19.444445,2.0
0.7328152,0.0,0.06906437,0.0,0.082000315,0.08486064,0.0,0.0,0.0,0.0,0.0,0.0,0.024813684,0.024813684,0.0,0.9993286,4.998468832493446,4.9951129269052235,0.7328152,-0.0,0.0,-0.0,-0.0,0.0,0.024813684,0.4827246,0.5606061,0.5606061,0.0,0.48664206,0.5026386,0.4827246,-0.015996546,14.919663,20.0,20.0,2.0
0.6990001,0.0,0.04636075,0.0,0.2972397,0.30760795,0.0,0.0,0.0,0.0,0.0,0.0,-0.2679035,0.0,-0.2679035,0.9360513,4.998462074161649,4.67881696804937,0.6990001,-0.0,0.0,-0.0,0.2679035,0.0,0.0,0.51100016,0.24649161,0.24649161,0.0,0.4652447,0.5082105,0.51100016,-0.042965777,15.009422,20.0,20.0,2.0
0.30821115,0.0,0.020768706,0.0,0.38717407,0.4006794,0.0,0.0,0.0,0.0,0.0,0.0,0.33970892,0.33970892,0.0,0.9958717,4.998453504401751,4.977818502255485,0.30821115,-0.0,0.0,-0.0,-0.0,0.0,0.33970892,0.630512,0.97412515,0.97412515,0.0,0.6344162,0.6512807,0.630512,-0.016864484,15.2729645,20.0,20.0,2.0
0.0,0.46432042,0.0,0.0,0.4966501,0.5139742,0.0,0.0,0.0,0.0,0.0,0.0,-0.30565903,0.0,-0.30565903,0.92443573,4.998445793597688,4.620741909806729,0.0,-0.0,0.0,-0.0,0.30565903,0.0,0.0,0.95970386,0.6493487,0.6493487,0.0,1.455152,1.4598482,0.95970386,-0.0046961717,15.81799,20.0,20.0,2.0
1.2532092,0.0,0.064958565,0.0,0.56954277,0.5894095,0.0,0.0,0.0,0.0,0.0,0.0,-1.2715588,0.0,-1.2715588,0.6516182,4.998413716169053,3.257057261908643,1.2532092,-0.0,0.0,-0.0,1.2715588,0.0,0.0,1.0454143,-0.16118586,0.0,-0.16118586,0.4319703,0.4319703,1.0454143,0.0,15.024702,20.0,20.0,2.0
0.0,3.7287276,0.0,0.0,0.9603991,0.9938996,0.0,0.0,0.0,0.0,0.0,0.0,1.755292,1.755292,0.0,0.98634386,4.998369435386469,4.930111005735193,0.0,-0.0,0.0,-0.0,-0.0,3.7287276,1.755292,0.88635784,2.64165,2.64165,0.0,0.83720756,0.83720756,0.88635784,-0.0,17.782192,19.444445,19.444445,2.0
0.97086746,0.0,0.04854337,0.0,0.0,0.0,0.0,0.0,0.0,0.0,0.0,0.0,-0.7625569,0.0,-0.7625569,0.8178259,4.998350198179904,4.087780316465804,0.97086746,-0.0,0.0,-0.0,0.7625569,0.0,0.0,1.0890478,0.3750342,0.3750342,0.0,1.0884407,1.0884407,1.0890478,-0.0,15.993819,18.333334,18.333334,2.0
0.94817686,0.0,0.04740884,0.0,0.0,0.0,0.0,0.0,0.0,0.0,0.0,0.0,-0.046272874,0.0,-0.046272874,0.80384547,4.998349030838494,4.017900201842656,0.94817686,-0.0,0.0,-0.0,0.046272874,0.0,0.0,0.873099,0.874235,0.874235,0.0,0.87135744,0.87135744,0.873099,-0.0,15.550909,18.88889,18.88889,2.0
1.4268386,0.0,0.07134193,0.0,0.0,0.0,0.0,0.0,0.0,0.0,0.0,0.0,-0.061146915,0.0,-0.061146915,0.7866509,4.998347488264268,3.931954530524255,1.4268386,-0.0,0.0,-0.0,0.061146915,0.0,0.0,0.64374954,0.65394455,0.65394455,0.0,0.71509147,0.71509147,0.64374954,-0.0,14.913088,18.88889,18.88889,2.0
1.2218926,0.0,0.06109463,0.0,0.0,0.0,0.0,0.0,0.0,0.0,0.0,0.0,1.0831643,1.0831643,0.0,0.987835,4.99832016289714,4.937515548255086,1.2218926,-0.0,0.0,-0.0,-0.0,0.0,1.0831643,0.47916222,1.6234212,1.6234212,0.0,0.4421842,0.4421842,0.47916222,-0.0,14.557659,19.444445,19.444445,2.0
1.2623551,0.0,0.06311776,0.0,0.0,0.0,0.0,0.0,0.0,0.0,0.0,0.0,0.081838205,0.081838205,0.0,0.99851197,4.998318098324698,4.990880451260687,1.2623551,-0.0,0.0,-0.0,-0.0,0.0,0.081838205,0.4004935,0.54544944,0.54544944,0.0,0.46361125,0.46361125,0.4004935,-0.0,14.2152,19.444445,19.444445,2.0
0.84637,0.0,0.0423185,0.0,0.0,0.0,0.0,0.0,0.0,0.0,0.0,0.0,-0.66251206,0.0,-0.66251206,0.8509292,4.9983013848018745,4.253200601973556,0.84637,-0.0,0.0,-0.0,0.66251206,0.0,0.0,0.36628777,-0.2539058,0.0,-0.2539058,0.40860626,0.40860626,0.36628777,-0.0,14.248827,20.0,20.0,2.0
1.3323829,0.0,0.06661914,0.0,0.0,0.0,0.0,0.0,0.0,0.0,0.0,0.0,-1.4870198,0.0,-1.4870198,0.53526455,4.99826387088561,2.6753934698257824,1.3323829,-0.0,0.0,-0.0,1.4870198,0.0,0.0,0.37762377,-1.0427768,0.0,-1.0427768,0.29747486,0.29747486,0.37762377,-0.0,13.723667,20.555555,20.555555,2.0
0.82949,0.0,0.0414745,0.0,0.0,0.0,0.0,0.0,0.0,0.0,0.0,0.0,-0.9622489,0.0,-0.9622489,0.3273471,4.998239595487973,1.6361592355937282,0.82949,-0.0,0.0,-0.0,0.9622489,0.0,0.0,0.33455327,-0.58622116,0.0,-0.58622116,0.32687736,0.32687736,0.33455327,-0.0,13.775087,19.444445,19.444445,2.0
1.3725313,0.0,0.06862657,0.0,0.0,0.0,0.0,0.0,0.0,0.0,0.0,0.0,-0.83059263,0.0,-0.83059263,0.14963575,4.998218641383579,0.7479121804480275,1.3725313,-0.0,0.0,-0.0,0.83059263,0.0,0.0,0.40059853,-0.36136752,0.0,-0.36136752,0.4692251,0.4692251,0.40059853,-0.0,13.19948,19.444445,19.444445,2.0
1.2289188,0.0,0.06144594,0.0,0.0,0.0,0.0,0.0,0.0,0.0,0.0,0.0,0.0,0.0,0.0,0.14894825,4.998218641383579,0.7444759307529424,1.2289188,-0.0,0.0,-0.0,-0.0,0.0,0.0,0.40860802,0.47005397,0.47005397,0.0,0.3719813,0.3719813,0.40860802,-0.0,13.111923,19.444445,19.444445,2.0
1.4221122,0.0,0.071105614,0.0,0.0,0.0,0.0,0.0,0.0,0.0,0.0,0.0,2.3460712,2.3460712,0.0,0.5963639,4.998159454694547,2.980721875679563,1.4221122,-0.0,0.0,-0.0,-0.0,0.0,2.3460712,0.47115648,2.8883333,2.8883333,0.0,0.5422621,0.5422621,0.47115648,-0.0,12.714678,19.444445,19.444445,2.0
1.0305251,0.0,0.051526256,0.0,0.1937503,0.20050867,0.0,0.0,0.0,0.0,0.0,0.0,0.16643554,0.16643554,0.0,0.6238977,4.998155255808767,3.118337426891828,1.0305251,-0.0,0.0,-0.0,-0.0,0.0,0.16643554,0.43742827,0.65539,0.65539,0.0,0.3908818,0.3908818,0.43742827,-0.0,12.618711,19.444445,19.444445,2.0
1.2570015,0.0,0.06285007,0.0,0.0,0.0,0.0,0.0,0.0,0.0,0.0,0.0,-0.6166163,0.0,-0.6166163,0.48771578,4.998139699614279,2.4376716058200554,1.2570015,-0.0,0.0,-0.0,0.6166163,0.0,0.0,0.4007522,-0.15301406,0.0,-0.15301406,0.41445184,0.41445184,0.4007522,-0.0,12.297636,19.444445,19.444445,2.0
1.2481472,0.0,0.062407363,0.0,0.9186574,0.9507019,0.0,0.0,0.0,0.0,0.0,0.0,2.3375816,2.3375816,0.0,0.93209195,4.998080726169684,4.658670817161483,1.2481472,-0.0,0.0,-0.0,-0.0,0.0,2.3375816,0.45936897,2.8287623,2.8287623,0.0,0.4420302,0.47262585,0.45936897,-0.030595653,12.28239,19.444445,19.444445,2.0
0.75234365,0.0,0.037617184,0.0,0.0,0.0,0.0,0.0,0.0,0.0,0.0,0.0,0.3590334,0.3590334,0.0,0.99364287,4.998071668224421,4.966298259944139,0.75234365,-0.0,0.0,-0.0,-0.0,0.0,0.3590334,0.5985414,0.89800847,0.89800847,0.0,0.53897506,0.6361586,0.5985414,-0.09718355,12.65724,19.444445,19.444445,2.0
1.1312351,0.0,0.05863619,0.0,0.11633226,0.12039015,0.0,0.0,0.0,0.0,0.0,0.0,0.052683752,0.052683752,0.0,0.9988556,4.9980703390795576,4.992350501502791,1.1312351,-0.0,0.0,-0.0,-0.0,0.0,0.052683752,0.48234865,0.42857558,0.42857558,0.0,0.37589183,0.54098487,0.48234865,-0.16509305,13.03804,20.0,20.0,2.0
0.77555394,0.0,0.046778373,0.0,0.0,0.0,0.0,0.0,0.0,0.0,0.0,0.0,0.026738552,0.026738552,0.0,0.99922115,4.9980696644993,4.99417689848222,0.77555394,-0.0,0.0,-0.0,-0.0,0.0,0.026738552,0.47966602,0.35794032,0.35794032,0.0,0.33120176,0.5264443,0.47966602,-0.19524257,13.843332,18.88889,18.88889,2.0
0.0,6.025628,0.0,0.0,0.0,0.0,0.0,0.0,0.0,0.0,0.0,0.0,0.024918498,0.024918498,0.0,0.99924725,4.998069035836643,4.994306754069896,0.0,-0.0,0.0,-0.0,-0.0,2.3547924,0.024918498,0.48299298,0.3015238,0.3015238,0.0,4.230658,4.4370456,0.48299298,-0.20638768,19.162594,18.333334,18.333334,2.0
0.35658082,0.0,0.02402808,0.0,0.0,0.0,0.0,0.0,0.0,0.0,0.0,0.0,0.024787934,0.024787934,0.0,0.999249,4.998068410467874,4.994314768506544,0.35658082,-0.0,0.0,-0.0,-0.0,0.0,0.024787934,0.4827246,0.33073986,0.33073986,0.0,0.30595192,0.5067527,0.4827246,-0.20080078,18.283348,18.88889,18.88889,2.0
0.06255974,0.0,0.0037733582,0.0,0.06938153,0.071801685,0.0,0.0,0.0,0.0,0.0,0.0,0.024778707,0.024778707,0.0,0.99924904,4.998067785331826,4.99431444174804,0.06255974,-0.0,0.0,-0.0,-0.0,0.0,0.024778707,0.643671,0.5016434,0.5016434,0.0,0.47686473,0.64744437,0.643671,-0.17057964,18.1544,18.88889,18.88889,2.0
0.0,4.5528226,0.0,0.0,0.38723353,0.40074095,0.0,0.0,0.0,0.0,0.0,0.0,0.024777785,0.024777785,0.0,0.9992489,4.9980671602189615,4.994313221288574,0.0,-0.0,0.0,-0.0,-0.0,4.5528226,0.024777785,1.9088935,1.8117343,1.8117343,0.0,-0.35353887,-0.23160194,1.9088935,-0.12193693,22.49545,19.444445,19.444445,2.0
1.3432422,0.0,0.06962531,0.0,0.014949686,0.015471159,0.0,0.0,0.0,0.0,0.0,0.0,0.024777753,0.024777753,0.0,0.9992488,4.998066535106817,4.994312000829977,1.3432422,-0.0,0.0,-0.0,-0.0,0.0,0.024777753,0.8928131,0.92713714,0.92713714,0.0,0.90235937,0.9624384,0.8928131,-0.060079027,19.957733,18.88889,18.88889,2.0
0.0249923,0.0,0.001249615,0.0,0.652551,0.6753132,0.0,0.0,0.0,0.0,0.0,0.0,0.024777722,0.024777722,0.0,0.9992486,4.998065909995394,4.994310482464306,0.0249923,-0.0,0.0,-0.0,-0.0,0.0,0.024777722,1.0454143,1.070563,1.070563,0.0,1.0457852,1.046664,1.0454143,-0.0008787577,19.878716,18.88889,18.88889,2.0
1.4554794,0.0,0.07277397,0.0,0.35461238,0.36698192,0.0,0.0,0.0,0.0,0.0,0.0,-0.65645534,0.0,-0.65645534,0.85293806,4.998049348433016,4.263026495005171,1.4554794,-0.0,0.0,-0.0,0.65645534,0.0,0.0,0.9867223,0.40304095,0.40304095,0.0,-1.4174309,-1.4174309,0.9867223,-0.0,18.23938,18.88889,18.88889,2.0
0.6453629,0.0,0.032268144,0.0,0.0,0.0,0.0,0.0,0.0,0.0,0.0,0.0,-0.85974395,0.0,-0.85974395,0.6647765,4.998027658076551,3.3225713536301806,0.6453629,-0.0,0.0,-0.0,0.85974395,0.0,0.0,1.104711,0.27723527,0.27723527,0.0,1.0878289,1.0878289,1.104711,-0.0,18.090572,18.88889,18.88889,2.0
1.3808972,0.0,0.06904486,0.0,0.15348014,0.15883382,0.0,0.0,0.0,0.0,0.0,0.0,0.53832054,0.53832054,0.0,0.76102716,4.998014076806139,3.803624445050502,1.3808972,-0.0,0.0,-0.0,-0.0,0.0,0.53832054,0.873099,1.4804645,1.4804645,0.0,0.8929935,0.8929935,0.873099,-0.0,17.071297,18.333334,18.333334,2.0
0.2309984,0.0,0.01154992,0.0,0.6959088,0.7201834,0.0,0.0,0.0,0.0,0.0,0.0,0.9163624,0.9163624,0.0,0.9289197,4.997990957867742,4.6427321260695456,0.2309984,-0.0,0.0,-0.0,-0.0,0.0,0.9163624,0.7864259,1.7143382,1.7143382,0.0,0.7488254,0.7488254,0.7864259,-0.0,17.086636,17.222221,17.222221,2.0
0.0,0.09613369,0.0,0.0,0.12555495,0.12993453,0.0,0.0,0.0,0.0,0.0,0.0,0.37473217,0.37473217,0.0,0.9955284,4.997981503693388,4.975632529323112,0.0,-0.0,0.0,-0.0,-0.0,0.0,0.37473217,0.5946754,0.96940756,0.96940756,0.0,0.6982261,0.6982261,0.5946754,-0.0,17.123714,18.333334,18.333334,2.0
0.75109345,0.0,0.037554674,0.0,0.3129212,0.32383648,0.0,0.0,0.0,0.0,0.0,0.0,-0.68704265,0.0,-0.68704265,0.842799,4.997964170157858,4.212279244091848,0.75109345,-0.0,0.0,-0.0,0.68704265,0.0,0.0,0.43045434,-0.21903363,0.0,-0.21903363,0.46800902,0.46800902,0.43045434,-0.0,15.849199,17.222221,17.222221,2.0
1.0755533,0.0,0.053777665,0.0,0.0,0.0,0.0,0.0,0.0,0.0,0.0,0.0,-0.48682705,0.0,-0.48682705,0.73316216,4.99795188785906,3.664309225109776,1.0755533,-0.0,0.0,-0.0,0.48682705,0.0,0.0,0.38596234,-0.047087044,0.0,-0.047087044,0.43974,0.43974,0.38596234,-0.0,15.176759,17.222221,17.222221,2.0
1.2841562,0.0,0.06420781,0.0,0.0,0.0,0.0,0.0,0.0,0.0,0.0,0.0,0.9904814,0.9904814,0.0,0.9155334,4.997926898659658,4.575769123551608,1.2841562,-0.0,0.0,-0.0,-0.0,0.0,0.9904814,0.37762377,1.432313,1.432313,0.0,0.13754308,0.13754308,0.37762377,-0.0,14.437138,17.222221,17.222221,2.0
1.4267067,0.0,0.07133533,0.0,0.0,0.0,0.0,0.0,0.0,0.0,0.0,0.0,0.44129184,0.44129184,0.0,0.9951118,4.9979157650985915,4.9734850686173795,1.4267067,-0.0,0.0,-0.0,-0.0,0.0,0.44129184,0.32408357,0.8367107,0.8367107,0.0,0.34626848,0.34626848,0.32408357,-0.0,13.867964,17.222221,17.222221,2.0
1.2378172,0.0,0.06189086,0.0,0.0,0.0,0.0,0.0,0.0,0.0,0.0,0.0,-0.3561148,0.0,-0.3561148,0.9127913,4.997906780489296,4.562045886121439,1.2378172,-0.0,0.0,-0.0,0.3561148,0.0,0.0,0.33162355,0.03739962,0.03739962,0.0,0.34436405,0.34436405,0.33162355,-0.0,13.488434,17.222221,17.222221,2.0
1.3287692,0.0,0.06643846,0.0,0.0,0.0,0.0,0.0,0.0,0.0,0.0,0.0,0.45491928,0.45491928,0.0,0.9950369,4.997895303068889,4.973090249107574,1.3287692,-0.0,0.0,-0.0,-0.0,0.0,0.45491928,0.38727137,0.9086291,0.9086291,0.0,0.45370984,0.45370984,0.38727137,-0.0,13.003315,17.222221,17.222221,2.0
1.0105376,0.0,0.05052688,0.0,0.0,0.0,0.0,0.0,0.0,0.0,0.0,0.0,-0.69108367,0.0,-0.69108367,0.8414605,4.997877867281045,4.205516939033751,1.0105376,-0.0,0.0,-0.0,0.69108367,0.0,0.0,0.4525082,-0.1880486,0.0,-0.1880486,0.40496242,0.40496242,0.4525082,-0.0,12.824738,17.222221,17.222221,2.0
1.2011741,0.0,0.060058706,0.0,0.0,0.0,0.0,0.0,0.0,0.0,0.0,0.0,0.80990565,0.80990565,0.0,0.99301404,4.997857433586921,4.962942589520805,1.2011741,-0.0,0.0,-0.0,-0.0,0.0,0.80990565,0.43742827,1.3073926,1.3073926,0.0,0.49748695,0.49748695,0.43742827,-0.0,12.513954,17.222221,17.222221,2.0
1.347685,0.0,0.06738425,0.0,0.0,0.0,0.0,0.0,0.0,0.0,0.0,0.0,0.055599216,0.055599216,0.0,0.9986578,4.997856030828428,4.991148021460116,1.347685,-0.0,0.0,-0.0,-0.0,0.0,0.055599216,0.3493301,0.47231355,0.47231355,0.0,0.31864166,0.31864166,0.3493301,-0.0,12.221851,17.222221,17.222221,2.0
0.85595727,0.0,0.042797863,0.0,1.5517476,1.6058754,0.0,0.0,0.0,0.0,0.0,0.0,0.027508542,0.027508542,0.0,0.99916726,4.997855336792538,4.99369344027107,0.85595727,-0.0,0.0,-0.0,-0.0,0.0,0.027508542,0.40526554,0.46687472,0.46687472,0.0,0.39021578,0.398913,0.40526554,-0.008697213,12.279972,17.222221,17.222221,2.0
1.0177957,0.0,0.050889783,0.0,0.0,0.0,0.0,0.0,0.0,0.0,0.0,0.0,0.024972346,0.024972346,0.0,0.9992037,4.9978547067443655,4.9938748248091205,1.0177957,-0.0,0.0,-0.0,-0.0,0.0,0.024972346,0.4976451,0.55371577,0.55371577,0.0,0.47959304,0.49938446,0.4976451,-0.01979142,12.196802,17.222221,17.222221,2.0
1.1625199,0.0,0.058125995,0.0,2.1845207,2.2607207,0.0,0.0,0.0,0.0,0.0,0.0,0.02479046,0.02479046,0.0,0.9992062,4.997854081285054,4.993886711451194,1.1625199,-0.0,0.0,-0.0,-0.0,0.0,0.02479046,0.48234865,0.54060006,0.54060006,0.0,0.5158096,0.54047465,0.48234865,-0.024665045,12.150132,17.222221,17.222221,2.0
1.3153684,0.0,0.06576842,0.0,0.0,0.0,0.0,0.0,0.0,0.0,0.0,0.0,0.024777375,0.024777375,0.0,0.99920624,4.997853456155799,4.993886384713456,1.3153684,-0.0,0.0,-0.0,-0.0,0.0,0.024777375,0.37205753,0.44031355,0.44031355,0.0,0.41553617,0.43782595,0.37205753,-0.022289785,11.8666,17.222221,17.222221,2.0
0.0,3.1606884,0.0,0.0,0.0,0.0,0.0,0.0,0.0,0.0,0.0,0.0,0.024776453,0.024776453,0.0,0.9992061,4.997852831049727,4.993885164313079,0.0,-0.0,0.0,-0.0,-0.0,0.0,0.024776453,0.42878723,0.43258312,0.43258312,0.0,3.8123527,3.8333333,0.42878723,-0.020980554,13.947395,17.222221,17.222221,2.0
1.4664583,0.0,0.073322915,0.0,0.19390815,0.20067203,0.0,0.0,0.0,0.0,0.0,0.0,-0.25814667,0.0,-0.25814667,0.9380456,4.997846318048367,4.68820785266779,1.4664583,-0.0,0.0,-0.0,0.25814667,0.0,0.0,0.4286083,0.21337442,0.21337442,0.0,0.47152108,0.5019312,0.4286083,-0.030410094,12.370903,17.222221,17.222221,2.0
1.1949664,0.0,0.05974832,0.0,0.0,0.0,0.0,0.0,0.0,0.0,0.0,0.0,0.1399365,0.1399365,0.0,0.9591636,4.997842787466957,4.793748911081736,1.1949664,-0.0,0.0,-0.0,-0.0,0.0,0.1399365,0.40463504,0.5742192,0.5742192,0.0,0.43428272,0.46438336,0.40463504,-0.030100634,12.189896,17.222221,17.222221,2.0
1.2365063,0.0,0.061825316,0.0,0.19390833,0.20067221,0.0,0.0,0.0,0.0,0.0,0.0,0.2240591,0.2240591,0.0,0.99676675,4.997837134478413,4.981677857792711,1.2365063,-0.0,0.0,-0.0,-0.0,0.0,0.2240591,0.5147195,0.78190506,0.78190506,0.0,-3.2791357,-3.2604368,0.5147195,-0.018698886,11.850241,17.222221,17.222221,2.0
0.90642595,0.0,0.045321297,0.0,0.0,0.0,0.0,0.0,0.0,0.0,0.0,0.0,-0.43191195,0.0,-0.43191195,0.8981594,4.997826237371413,4.488844538332355,0.90642595,-0.0,0.0,-0.0,0.43191195,0.0,0.0,1.0482304,0.6561149,0.6561149,0.0,1.0880268,1.0935516,1.0482304,-0.005524922,11.781096,17.222221,17.222221,2.0
1.4734648,0.0,0.07367324,0.0,0.18886542,0.19545339,0.0,0.0,0.0,0.0,0.0,0.0,0.5276622,0.5276622,0.0,0.9938809,4.997812924462973,4.967230945150178,1.4734648,-0.0,0.0,-0.0,-0.0,0.0,0.5276622,1.0454143,1.6467497,1.6467497,0.0,0.9814649,0.9814649,1.0454143,0.0,11.28212,17.222221,17.222221,2.0
0.072833285,0.0,0.0036416643,0.0,0.5817242,0.60201585,0.0,0.0,0.0,0.0,0.0,0.0,0.051240172,0.051240172,0.0,0.99879116,4.9978116316708885,4.9917700680585515,0.072833285,-0.0,0.0,-0.0,-0.0,0.0,0.051240172,0.9867223,1.0416042,1.0416042,0.0,0.9412136,0.9412136,0.9867223,-0.0,11.833691,17.222221,17.222221,2.0
1.1946357,0.0,0.05973179,0.0,0.19390897,0.20067288,0.0,0.0,0.0,0.0,0.0,0.0,0.026800526,0.026800526,0.0,0.9991686,4.997810955492106,4.993655649568993,1.1946357,-0.0,0.0,-0.0,-0.0,0.0,0.026800526,0.94929373,1.0358261,1.0358261,0.0,1.0090256,1.0090256,0.94929373,-0.0,11.21111,17.222221,17.222221,2.0
1.2108765,0.0,0.060543824,0.0,0.3878177,0.4013455,0.0,0.0,0.0,0.0,0.0,0.0,0.024921438,0.024921438,0.0,0.9991955,4.99781032672275,4.99378966882696,1.2108765,-0.0,0.0,-0.0,-0.0,0.0,0.024921438,0.6965788,0.78204405,0.78204405,0.0,0.75712264,0.75712264,0.6965788,-0.0,11.00376,17.222221,17.222221,2.0
0.57027006,0.0,0.028513502,0.0,0.0,0.0,0.0,0.0,0.0,0.0,0.0,0.0,0.024786722,0.024786722,0.0,0.99919736,4.997809701352202,4.993798278632342,0.57027006,-0.0,0.0,-0.0,-0.0,0.0,0.024786722,0.64374954,0.69704974,0.69704974,0.0,0.52549493,0.52549493,0.64374954,-0.0,11.011216,17.222221,17.222221,2.0
1.0583264,0.0,0.05291632,0.0,0.0,0.0,0.0,0.0,0.0,0.0,0.0,0.0,-0.6568768,0.0,-0.6568768,0.8527982,4.997793128307233,4.262109101218343,1.0583264,-0.0,0.0,-0.0,0.6568768,0.0,0.0,0.5369188,-0.067041636,0.0,-0.067041636,0.58983517,0.58983517,0.5369188,-0.0,10.611792,17.222221,17.222221,2.0
0.0,1.1420268,0.0,0.0,0.0,0.0,0.0,0.0,0.0,0.0,0.0,0.0,0.7533929,0.7533929,0.0,0.99424523,4.997774120092362,4.96901308527462,0.0,-0.0,0.0,-0.0,-0.0,1.1420268,0.7533929,0.43045434,1.1838472,1.1838472,0.0,0.33238167,0.33238167,0.43045434,-0.0,11.445594,17.222221,17.222221,2.0
1.3522267,0.0,0.06761134,0.0,0.0,0.0,0.0,0.0,0.0,0.0,0.0,0.0,0.04938822,0.04938822,0.0,0.9987221,4.9977728740154825,4.991386102192381,1.3522267,-0.0,0.0,-0.0,-0.0,0.0,0.04938822,0.38596234,0.5029619,0.5029619,0.0,0.45357364,0.45357364,0.38596234,-0.0,10.089605,18.88889,18.88889,2.0
