cooling demand,heating demand,cooling electricity consumption,heating electricity consumption,dhw demand,dhw electricity consumption,dhw storage electricity consumption,positive dhw storage electricity consumption,negative dhw storage electricity consumption,dhw soc storage,dhw capacity,dhw stored energy (?),electrical storage electricity consumption,positive electrical storage electricity consumption,negative electrical storage electricity consumption,electrical storage soc,electrical capacity history,stored electrical energy,energy from cooling device,energy from dhw device,energy from dhw device to dhw storage,energy from dhw storage,energy from electrical storage,energy from heating device,energy to electrical storage,energy to non shiftable load,net electricity consumption,positive net electricity consumption,negative net electricity consumption,net electricity consumption without storage,net electricity consumption without storage and pv,non shiftable load,solar generation,outdoor_temperature,indoor_temperature,heating_sp,cooling_sp,comfort_band
0.0,21.528124,0.0,0.0,0.0,0.0,0.0,0.0,0.0,0.0,0.0,0.0,0.0,0.0,0.0,0.0,12.0,0.0,0.0,-0.0,0.0,-0.0,-0.0,21.528124,0.0,0.5409322,0.5409322,0.5409322,0.0,0.5409322,0.5409322,0.5409322,-0.0,-21.333334,21.11111,21.11111,21.11111,2.0
0.0,22.198706,0.0,0.0,0.0,0.0,0.0,0.0,0.0,0.0,0.0,0.0,3.2699866,3.2699866,0.0,0.26720813,11.9998376394916,3.206454165962981,0.0,-0.0,0.0,-0.0,-0.0,22.198706,3.2699866,0.53927666,3.8092632,3.8092632,0.0,-9.993359,-9.993359,0.53927666,-0.0,-21.225,21.11111,21.11111,21.11111,2.0
0.0,22.864996,0.0,0.0,0.0,0.0,0.0,0.0,0.0,0.0,0.0,0.0,2.9571307,2.9571307,0.0,0.50801396,11.999690810837656,6.096010491980195,0.0,-0.0,0.0,-0.0,-0.0,22.864996,2.9571307,0.5156975,3.4728281,3.4728281,0.0,-9.241186,-9.241186,0.5156975,-0.0,-21.7,21.11111,21.11111,21.11111,2.0
0.0,23.56561,0.0,0.0,0.0,0.0,0.0,0.0,0.0,0.0,0.0,0.0,2.7755222,2.7755222,0.0,0.7323675,11.999552997793447,8.788082816872114,0.0,-0.0,0.0,-0.0,-0.0,23.56561,2.7755222,0.52984947,3.3053718,3.3053718,0.0,-8.411318,-8.411318,0.52984947,-0.0,-22.8,21.11111,21.11111,21.11111,2.0
0.0,23.365435,0.0,0.0,0.0,0.0,0.0,0.0,0.0,0.0,0.0,0.0,3.1768374,3.1768374,0.0,0.98591524,11.999395256427777,11.830386697601352,0.0,-0.0,0.0,-0.0,-0.0,23.365435,3.1768374,0.5977013,3.7745388,3.7745388,0.0,-8.5765295,-8.5765295,0.5977013,-0.0,-22.45,21.11111,21.11111,21.11111,2.0
0.0,23.985899,0.0,0.0,0.0,0.0,0.0,0.0,0.0,0.0,0.0,0.0,0.2741587,0.2741587,0.0,0.9992068,11.999381643287393,11.989863510427396,0.0,-0.0,0.0,-0.0,-0.0,23.985899,0.2741587,0.6750234,0.94918203,0.94918203,0.0,-7.77681,-7.77681,0.6750234,-0.0,-23.9,21.11111,21.11111,21.11111,2.0
0.0,24.886097,0.0,0.0,0.0,0.0,0.0,0.0,0.0,0.0,0.0,0.0,0.11607222,0.11607222,0.0,0.99959826,11.999375879803207,11.994555306864891,0.0,-0.0,0.0,-0.0,-0.0,24.886097,0.11607222,0.64671934,0.7627916,0.7627916,0.0,-6.757028,-6.757028,0.64671934,-0.0,-25.0,21.11111,21.11111,21.11111,2.0
0.0,25.172235,0.0,0.0,0.0,0.0,0.0,0.0,0.0,0.0,0.0,0.0,0.11141065,0.11141065,0.0,0.9996107,11.999370347783575,11.994699257672952,0.0,-0.0,0.0,-0.0,-0.0,25.172235,0.11141065,0.8602024,0.97161305,0.97161305,0.0,-6.210398,-6.210398,0.8602024,-0.0,-25.0,21.11111,21.11111,21.11111,2.0
0.0,23.505047,0.0,0.0,0.12242597,0.13096239,0.0,0.0,0.0,0.0,0.0,0.0,0.111256965,0.111256965,0.0,0.9996107,11.999364823392426,11.994693735432328,0.0,-0.0,0.0,-0.0,-0.0,23.505047,0.111256965,10.108679,10.214946,10.214946,0.0,1.0920067,1.0969968,10.108679,-0.0049900953,-23.9,21.11111,21.11111,21.11111,2.0
0.0,21.247116,0.0,0.0,0.5286118,0.5654704,0.0,0.0,0.0,0.0,0.0,0.0,0.111251436,0.111251436,0.0,0.99961025,11.99935929927324,11.99468249172317,0.0,-0.0,0.0,-0.0,-0.0,21.247116,0.111251436,10.091587,10.192214,10.192214,0.0,4.531991,4.5426154,10.091587,-0.010624646,-21.1,21.11111,21.11111,21.11111,2.0
0.0,19.897245,0.0,0.0,1.2396446,1.3260816,0.0,0.0,0.0,0.0,0.0,0.0,0.111251585,0.111251585,0.0,0.9996098,11.99935377514411,11.99467196322656,0.0,-0.0,0.0,-0.0,-0.0,19.897245,0.111251585,0.84643435,0.939398,0.939398,0.0,0.17941618,0.19770414,0.84643435,-0.018287962,-19.45,21.11111,21.11111,21.11111,2.0
0.0,18.321646,0.0,0.0,0.63990945,0.6845285,0.0,0.0,0.0,0.0,0.0,0.0,0.11125103,0.11125103,0.0,0.99960935,11.999348251040185,11.994660719542868,0.0,-0.0,0.0,-0.0,-0.0,18.321646,0.11125103,0.8533914,0.92923415,0.92923415,0.0,0.16925287,0.20466115,0.8533914,-0.035408277,-16.7,21.11111,21.11111,21.11111,2.0
0.0,17.9236,0.0,0.0,1.2587785,1.3465495,0.0,0.0,0.0,0.0,0.0,0.0,0.11125117,0.11125117,0.0,0.9996089,11.999342726926688,11.994649475854873,0.0,-0.0,0.0,-0.0,-0.0,17.9236,0.11125117,0.86622304,0.93027794,0.93027794,0.0,0.17029655,0.21749279,0.86622304,-0.04719624,-16.1,21.11111,21.11111,21.11111,2.0
0.0,18.312319,0.0,0.0,0.25283065,0.27045983,0.0,0.0,0.0,0.0,0.0,0.0,0.11125132,0.11125132,0.0,0.9996084,11.999337202803249,11.994638232162206,0.0,-0.0,0.0,-0.0,-0.0,18.312319,0.11125132,0.86542684,0.93306035,0.93306035,0.0,0.17307884,0.21669662,0.86542684,-0.04361778,-16.3,21.11111,21.11111,21.11111,2.0
0.0,17.595634,0.0,0.0,0.3753282,0.4014988,0.0,0.0,0.0,0.0,0.0,0.0,0.111251466,0.111251466,0.0,0.999608,11.999331678669867,11.994627703680774,0.0,-0.0,0.0,-0.0,-0.0,17.595634,0.111251466,0.9211599,1.0003092,1.0003092,0.0,0.24032754,0.27242967,0.9211599,-0.03210213,-16.5,21.023499,21.11111,21.11111,2.0
0.0,31.121542,0.0,0.0,0.0,0.0,0.0,0.0,0.0,0.0,0.0,0.0,0.1112509,0.1112509,0.0,0.9996075,11.999326154562059,11.994616460013942,0.0,-0.0,0.0,-0.0,-0.0,31.121542,0.1112509,1.0612863,1.1577266,1.1577266,0.0,0.9025587,0.91736925,1.0612863,-0.014810541,-16.65,28.966347,21.11111,21.11111,2.0
0.0,31.10668,0.0,0.0,1.1284344,1.207117,0.0,0.0,0.0,0.0,0.0,0.0,0.11125105,0.11125105,0.0,0.999607,11.99932063044431,11.994605216342439,0.0,-0.0,0.0,-0.0,-0.0,31.10668,0.11125105,2.2965994,2.4073474,2.4073474,0.0,2.1348758,2.1353788,2.2965994,-0.00050302077,-17.5,27.176605,21.11111,21.11111,2.0
0.0,31.207205,0.0,0.0,0.41024852,0.43885398,0.0,0.0,0.0,0.0,0.0,0.0,0.1112512,0.1112512,0.0,0.9996066,11.999315106316617,11.99459468788118,0.0,-0.0,0.0,-0.0,-0.0,31.207205,0.1112512,2.1053965,2.2166476,2.2166476,0.0,2.0612185,2.0612185,2.1053965,-0.0,-18.9,28.838943,21.11111,21.11111,2.0
0.0,31.149723,0.0,0.0,2.8342667,3.031892,0.0,0.0,0.0,0.0,0.0,0.0,0.11125063,0.11125063,0.0,0.99960613,11.999309582214497,11.99458344423551,0.0,-0.0,0.0,-0.0,-0.0,31.149723,0.11125063,1.3393956,1.4506463,1.4506463,0.0,1.2282926,1.2282926,1.3393956,-0.0,-20.6,28.289238,21.11111,21.11111,2.0
0.0,31.208797,0.0,0.0,0.0,0.0,0.0,0.0,0.0,0.0,0.0,0.0,0.11125078,0.11125078,0.0,0.99960566,11.999304058102435,11.994572200585168,0.0,-0.0,0.0,-0.0,-0.0,31.208797,0.11125078,1.2651703,1.3764211,1.3764211,0.0,1.2228463,1.2228463,1.2651703,-0.0,-21.4,28.590244,21.11111,21.11111,2.0
0.0,31.148666,0.0,0.0,0.0,0.0,0.0,0.0,0.0,0.0,0.0,0.0,0.11125093,0.11125093,0.0,0.99960524,11.999298533980431,11.994561672144084,0.0,-0.0,0.0,-0.0,-0.0,31.148666,0.11125093,1.1473831,1.258634,1.258634,0.0,1.0350478,1.0350478,1.1473831,-0.0,-22.2,28.342796,21.11111,21.11111,2.0
0.0,31.215405,0.0,0.0,0.0,0.0,0.0,0.0,0.0,0.0,0.0,0.0,0.11125036,0.11125036,0.0,0.99960476,11.999293009884001,11.994550428519576,0.0,-0.0,0.0,-0.0,-0.0,31.215405,0.11125036,1.0700063,1.1812567,1.1812567,0.0,1.0353726,1.0353726,1.0700063,-0.0,-22.2,28.300259,21.11111,21.11111,2.0
0.0,31.15858,0.0,0.0,0.0,0.0,0.0,0.0,0.0,0.0,0.0,0.0,0.11125051,0.11125051,0.0,0.9996043,11.999287485777629,11.994539184890398,0.0,-0.0,0.0,-0.0,-0.0,31.15858,0.11125051,0.57373434,0.68498486,0.68498486,0.0,0.4729424,0.4729424,0.57373434,-0.0,-22.2,27.998306,21.11111,21.11111,2.0
0.0,31.21754,0.0,0.0,0.0,0.0,0.0,0.0,0.0,0.0,0.0,0.0,0.11125066,0.11125066,0.0,0.99960387,11.999281961661314,11.994528656469488,0.0,-0.0,0.0,-0.0,-0.0,31.21754,0.11125066,0.56145334,0.672704,0.672704,0.0,0.5293069,0.5293069,0.56145334,-0.0,-21.7,27.835209,21.11111,21.11111,2.0
0.0,31.187824,0.0,0.0,0.0,0.0,0.0,0.0,0.0,0.0,0.0,0.0,0.111250095,0.111250095,0.0,0.9996034,11.999276437570572,11.99451741286614,0.0,-0.0,0.0,-0.0,-0.0,31.187824,0.111250095,0.5409322,0.6521823,0.6521823,0.0,0.47418642,0.47418642,0.5409322,-0.0,-22.2,27.520664,21.11111,21.11111,2.0
0.0,31.16026,0.0,0.0,0.0,0.0,0.0,0.0,0.0,0.0,0.0,0.0,0.111250244,0.111250244,0.0,0.9996029,11.999270913469887,11.994506169258122,0.0,-0.0,0.0,-0.0,-0.0,31.16026,0.111250244,0.53927666,0.6505269,0.6505269,0.0,0.44043785,0.44043785,0.53927666,-0.0,-22.75,27.07433,21.11111,21.11111,2.0
0.0,31.215557,0.0,0.0,0.0,0.0,0.0,0.0,0.0,0.0,0.0,0.0,0.11125039,0.11125039,0.0,0.99960244,11.99926538935926,11.994494925645434,0.0,-0.0,0.0,-0.0,-0.0,31.215557,0.11125039,0.5156975,0.6269479,0.6269479,0.0,0.48124313,0.48124313,0.5156975,-0.0,-23.3,26.60981,21.11111,21.11111,2.0
0.0,31.165352,0.0,0.0,0.0,0.0,0.0,0.0,0.0,0.0,0.0,0.0,0.111250535,0.111250535,0.0,0.999602,11.999259865239063,11.99448439724007,0.0,-0.0,0.0,-0.0,-0.0,31.165352,0.111250535,0.52984947,0.6411,0.6411,0.0,0.43694252,0.43694252,0.52984947,-0.0,-23.3,26.092537,21.11111,21.11111,2.0
0.0,31.228481,0.0,0.0,0.0,0.0,0.0,0.0,0.0,0.0,0.0,0.0,0.111249976,0.111249976,0.0,0.99960154,11.999254341144068,11.994473153653214,0.0,-0.0,0.0,-0.0,-0.0,31.228481,0.111249976,0.5977013,0.7089513,0.7089513,0.0,0.57829213,0.57829213,0.5977013,-0.0,-24.15,25.509724,21.11111,21.11111,2.0
0.0,31.037823,0.0,0.0,0.0,0.0,0.0,0.0,0.0,0.0,0.0,0.0,0.111250125,0.111250125,0.0,0.99960107,11.999248817039131,11.99446191006169,0.0,-0.0,0.0,-0.0,-0.0,31.037823,0.111250125,0.7507618,0.8620119,0.8620119,0.0,0.5093715,0.5093715,0.7507618,-0.0,-24.4,24.972805,21.11111,21.11111,2.0
0.0,31.04843,0.0,0.0,0.0,0.0,0.0,0.0,0.0,0.0,0.0,0.0,0.11125027,0.11125027,0.0,0.99960065,11.999243292924621,11.994451381676498,0.0,-0.0,0.0,-0.0,-0.0,31.04843,0.11125027,0.96045357,1.0717038,1.0717038,0.0,0.7314153,0.7314153,0.96045357,-0.0,-25.6,24.428677,21.11111,21.11111,2.0
0.0,31.236853,0.0,0.0,0.0,0.0,0.0,0.0,0.0,0.0,0.0,0.0,0.11124971,0.11124971,0.0,0.9996002,11.999237768835316,11.994440138110805,0.0,-0.0,0.0,-0.0,-0.0,31.236853,0.11124971,0.8602024,0.97145206,0.97145206,0.0,0.85053974,0.85053974,0.8602024,-0.0,-25.3,24.294739,21.11111,21.11111,2.0
0.0,31.232143,0.0,0.0,0.0,0.0,0.0,0.0,0.0,0.0,0.0,0.0,0.11124986,0.11124986,0.0,0.9995997,11.999232244736069,11.994428894540444,0.0,-0.0,0.0,-0.0,-0.0,31.232143,0.11124986,0.88138837,0.98805904,0.98805904,0.0,0.86166483,0.866244,0.88138837,-0.0045791725,-24.15,24.06239,21.11111,21.11111,2.0
0.0,31.228643,0.0,0.0,0.0,0.0,0.0,0.0,0.0,0.0,0.0,0.0,0.11125,0.11125,0.0,0.9995993,11.999226720627249,11.994418366175427,0.0,-0.0,0.0,-0.0,-0.0,31.228643,0.11125,0.8642967,0.96328014,0.96328014,0.0,0.8328117,0.84507823,0.8642967,-0.012266492,-20.55,24.660553,21.11111,21.11111,2.0
0.0,31.198393,0.0,0.0,0.0,0.0,0.0,0.0,0.0,0.0,0.0,0.0,0.11124944,0.11124944,0.0,0.9995988,11.999221196543632,11.994407122630896,0.0,-0.0,0.0,-0.0,-0.0,31.198393,0.11124944,0.84643435,0.9376227,0.9376227,0.0,0.77193373,0.7919948,0.84643435,-0.020061051,-17.25,25.58358,21.11111,21.11111,2.0
0.0,31.220726,0.0,0.0,0.0,0.0,0.0,0.0,0.0,0.0,0.0,0.0,0.11124959,0.11124959,0.0,0.9995983,11.999215672450072,11.994395879081694,0.0,-0.0,0.0,-0.0,-0.0,31.220726,0.11124959,0.8533914,0.9302307,0.9302307,0.0,0.7905425,0.8249528,0.8533914,-0.034410287,-15.6,26.29599,21.11111,21.11111,2.0
0.0,31.169987,0.0,0.0,0.0,0.0,0.0,0.0,0.0,0.0,0.0,0.0,0.11124973,0.11124973,0.0,0.99959785,11.999210148346942,11.994384635528194,0.0,-0.0,0.0,-0.0,-0.0,31.169987,0.11124973,0.86622304,0.93519413,0.93519413,0.0,0.7364315,0.7787101,0.86622304,-0.042278618,-14.4,26.87709,21.11111,21.11111,2.0
0.0,31.22633,0.0,0.0,0.0,0.0,0.0,0.0,0.0,0.0,0.0,0.0,0.11124988,0.11124988,0.0,0.99959743,11.999204624233869,11.994374107178352,0.0,-0.0,0.0,-0.0,-0.0,31.22633,0.11124988,0.86542684,0.93537027,0.93537027,0.0,0.8022088,0.8435152,0.86542684,-0.04130643,-13.6,27.608505,21.11111,21.11111,2.0
0.0,30.99462,0.0,0.0,0.0,0.0,0.0,0.0,0.0,0.0,0.0,0.0,0.11124932,0.11124932,0.0,0.99959695,11.999199100145999,11.994362863650315,0.0,-0.0,0.0,-0.0,-0.0,30.99462,0.11124932,0.9211599,1.0012548,1.0012548,0.0,0.59831464,0.62946904,0.9211599,-0.031154385,-12.4,28.22612,21.11111,21.11111,2.0
0.0,31.207235,0.0,0.0,0.0,0.0,0.0,0.0,0.0,0.0,0.0,0.0,0.11124946,0.11124946,0.0,0.9995965,11.999193576048556,11.994351620117975,0.0,-0.0,0.0,-0.0,-0.0,31.207235,0.11124946,1.0612863,1.157516,1.157516,0.0,1.0021229,1.0171427,1.0612863,-0.01501979,-12.033334,28.837265,21.11111,21.11111,2.0
0.0,31.20435,0.0,0.0,0.0,0.0,0.0,0.0,0.0,0.0,0.0,0.0,0.11124961,0.11124961,0.0,0.99959606,11.999188051941172,11.994341091788307,0.0,-0.0,0.0,-0.0,-0.0,31.20435,0.11124961,1.3899964,1.5004052,1.5004052,0.0,1.3416512,1.342492,1.3899964,-0.00084082974,-11.4,29.362137,21.11111,21.11111,2.0
0.0,31.057436,0.0,0.0,0.0,0.0,0.0,0.0,0.0,0.0,0.0,0.0,0.11124905,0.11124905,0.0,0.9995956,11.999182527858991,11.994329848281431,0.0,-0.0,0.0,-0.0,-0.0,31.057436,0.11124905,1.4902439,1.601493,1.601493,0.0,1.2716923,1.2716923,1.4902439,-0.0,-10.6,29.958755,21.11111,21.11111,2.0
0.0,31.21508,0.0,0.0,0.0,0.0,0.0,0.0,0.0,0.0,0.0,0.0,0.11124919,0.11124919,0.0,0.9995951,11.999177003767239,11.994318604770253,0.0,-0.0,0.0,-0.0,-0.0,31.21508,0.11124919,1.3393956,1.4506449,1.4506449,0.0,1.3043844,1.3043844,1.3393956,-0.0,-9.4,30.800583,21.11111,21.11111,2.0
0.0,31.227392,0.0,0.0,0.0,0.0,0.0,0.0,0.0,0.0,0.0,0.0,0.11124934,0.11124934,0.0,0.9995947,11.999171479665543,11.994308076460761,0.0,-0.0,0.0,-0.0,-0.0,31.227392,0.11124934,1.2651703,1.3764197,1.3764197,0.0,1.2444947,1.2444947,1.2651703,-0.0,-8.85,31.437336,21.11111,21.11111,2.0
0.0,31.18802,0.0,0.0,0.0,0.0,0.0,0.0,0.0,0.0,0.0,0.0,0.111248784,0.111248784,0.0,0.9995942,11.999165955589053,11.994296832975047,0.0,-0.0,0.0,-0.0,-0.0,31.18802,0.111248784,1.1473831,1.2586318,1.2586318,0.0,1.0808661,1.0808661,1.1473831,-0.0,-8.3,32.013893,21.11111,21.11111,2.0
0.0,31.224735,0.0,0.0,0.0,0.0,0.0,0.0,0.0,0.0,0.0,0.0,0.111248925,0.111248925,0.0,0.99959373,11.99916043150299,11.994285589485033,0.0,-0.0,0.0,-0.0,-0.0,31.224735,0.111248925,0.672642,0.7838909,0.7838909,0.0,0.6488726,0.6488726,0.672642,-0.0,-7.8,32.46464,21.11111,21.11111,2.0
0.0,31.21648,0.0,0.0,0.0,0.0,0.0,0.0,0.0,0.0,0.0,0.0,0.111249074,0.111249074,0.0,0.99959326,11.999154907406984,11.99427434599035,0.0,-0.0,0.0,-0.0,-0.0,31.21648,0.111249074,0.57373434,0.68498343,0.68498343,0.0,0.54035574,0.54035574,0.57373434,-0.0,-7.8,32.68837,21.11111,21.11111,2.0
0.0,31.19311,0.0,0.0,0.0,0.0,0.0,0.0,0.0,0.0,0.0,0.0,0.11124922,0.11124922,0.0,0.99959284,11.999149383301036,11.994263817696032,0.0,-0.0,0.0,-0.0,-0.0,31.19311,0.11124922,0.56145334,0.67270255,0.67270255,0.0,0.5008645,0.5008645,0.56145334,-0.0,-7.2,32.844784,21.11111,21.11111,2.0
0.0,31.222925,0.0,0.0,0.0,0.0,0.0,0.0,0.0,0.0,0.0,0.0,0.11124866,0.11124866,0.0,0.99959236,11.999143859220661,11.994252574227179,0.0,-0.0,0.0,-0.0,-0.0,31.222925,0.11124866,0.5409322,0.65218085,0.65218085,0.0,0.5150571,0.5150571,0.5409322,-0.0,-7.2,32.703068,21.11111,21.11111,2.0
0.0,31.230494,0.0,0.0,0.0,0.0,0.0,0.0,0.0,0.0,0.0,0.0,0.111248806,0.111248806,0.0,0.9995919,11.999138335130343,11.994241330753656,0.0,-0.0,0.0,-0.0,-0.0,31.230494,0.111248806,0.53927666,0.65052545,0.65052545,0.0,0.5222135,0.5222135,0.53927666,-0.0,-7.2,32.576023,21.11111,21.11111,2.0
0.0,31.234015,0.0,0.0,0.0,0.0,0.0,0.0,0.0,0.0,0.0,0.0,0.111248955,0.111248955,0.0,0.99959147,11.999132811030083,11.99423080247951,0.0,-0.0,0.0,-0.0,-0.0,31.234015,0.111248955,0.5156975,0.62694645,0.62694645,0.0,0.5027313,0.5027313,0.5156975,-0.0,-7.8,32.28269,21.11111,21.11111,2.0
0.0,31.220118,0.0,0.0,0.0,0.0,0.0,0.0,0.0,0.0,0.0,0.0,0.11124839,0.11124839,0.0,0.999591,11.999127286955398,11.994219559031821,0.0,-0.0,0.0,-0.0,-0.0,31.220118,0.11124839,0.52984947,0.64109784,0.64109784,0.0,0.5007052,0.5007052,0.52984947,-0.0,-8.3,31.964504,21.11111,21.11111,2.0
0.0,31.134094,0.0,0.0,0.0,0.0,0.0,0.0,0.0,0.0,0.0,0.0,0.11124854,0.11124854,0.0,0.9995905,11.99912176287077,11.99420831557946,0.0,-0.0,0.0,-0.0,-0.0,31.134094,0.11124854,0.5977013,0.70894986,0.70894986,0.0,0.46840215,0.46840215,0.5977013,-0.0,-8.3,31.642853,21.11111,21.11111,2.0
0.0,31.234432,0.0,0.0,0.0,0.0,0.0,0.0,0.0,0.0,0.0,0.0,0.11124869,0.11124869,0.0,0.9995901,11.9991162387762,11.99419778732549,0.0,-0.0,0.0,-0.0,-0.0,31.234432,0.11124869,0.6750234,0.78627205,0.78627205,0.0,0.6625455,0.6625455,0.6750234,-0.0,-8.3,31.457447,21.11111,21.11111,2.0
0.0,31.226854,0.0,0.0,0.0,0.0,0.0,0.0,0.0,0.0,0.0,0.0,0.11124812,0.11124812,0.0,0.9995896,11.999110714707204,11.994186543898962,0.0,-0.0,0.0,-0.0,-0.0,31.226854,0.11124812,0.64671934,0.7579675,0.7579675,0.0,0.62541807,0.62541807,0.64671934,-0.0,-8.9,31.156342,21.11111,21.11111,2.0
0.0,31.236784,0.0,0.0,0.0,0.0,0.0,0.0,0.0,0.0,0.0,0.0,0.11124827,0.11124827,0.0,0.99958915,11.999105190628265,11.994175300467765,0.0,-0.0,0.0,-0.0,-0.0,31.236784,0.11124827,0.8602024,0.9714506,0.9714506,0.0,0.85045964,0.85045964,0.8602024,-0.0,-8.9,31.020042,21.11111,21.11111,2.0
0.0,31.235462,0.0,0.0,2.9325342,3.1370115,0.0,0.0,0.0,0.0,0.0,0.0,0.11124842,0.11124842,0.0,0.99958867,11.999099666539385,11.994164057031897,0.0,-0.0,0.0,-0.0,-0.0,31.235462,0.11124842,0.88138837,0.9883023,0.9883023,0.0,0.8657738,0.8701083,0.88138837,-0.004334505,-8.9,31.17469,21.11111,21.11111,2.0
0.0,31.215511,0.0,0.0,2.629483,2.8128295,0.0,0.0,0.0,0.0,0.0,0.0,0.11124856,0.11124856,0.0,0.99958825,11.999094142440931,11.994153528793472,0.0,-0.0,0.0,-0.0,-0.0,31.215511,0.11124856,0.8642967,0.96596485,0.96596485,0.0,0.82020855,0.8297889,0.8642967,-0.009580364,-8.3,31.467793,21.11111,21.11111,2.0
0.0,31.223682,0.0,0.0,0.0,0.0,0.0,0.0,0.0,0.0,0.0,0.0,0.111248,0.111248,0.0,0.9995878,11.999088618367683,11.994142285383436,0.0,-0.0,0.0,-0.0,-0.0,31.223682,0.111248,0.84643435,0.93761,0.93761,0.0,0.80136806,0.82144046,0.84643435,-0.020072388,-8.05,31.785648,21.11111,21.11111,2.0
0.0,31.172071,0.0,0.0,0.0,0.0,0.0,0.0,0.0,0.0,0.0,0.0,0.11124815,0.11124815,0.0,0.9995873,11.999083094284492,11.99413104196873,0.0,-0.0,0.0,-0.0,-0.0,31.172071,0.11124815,0.8533914,0.9293234,0.9293234,0.0,0.73299223,0.7683084,0.8533914,-0.03531617,-6.7,32.21313,21.11111,21.11111,2.0
0.0,31.162003,0.0,0.0,0.0,0.0,0.0,0.0,0.0,0.0,0.0,0.0,0.11124829,0.11124829,0.0,0.9995869,11.999077570191728,11.994120513750481,0.0,-0.0,0.0,-0.0,-0.0,31.162003,0.11124829,0.86622304,0.9346615,0.9346615,0.0,0.72660387,0.7694137,0.86622304,-0.04280984,-6.1,32.66494,24.444445,24.444445,2.0
0.0,31.232014,0.0,0.0,0.0,0.0,0.0,0.0,0.0,0.0,0.0,0.0,0.11124773,0.11124773,0.0,0.9995864,11.999072046124168,11.994109270361607,0.0,-0.0,0.0,-0.0,-0.0,31.232014,0.11124773,0.49403104,0.5624038,0.5624038,0.0,0.43586296,0.47873798,0.49403104,-0.04287502,-5.85,33.334938,21.11111,21.11111,2.0
0.0,31.212837,0.0,0.0,0.0,0.0,0.0,0.0,0.0,0.0,0.0,0.0,0.111247875,0.111247875,0.0,0.9995859,11.999066522047036,11.994098026968432,0.0,-0.0,0.0,-0.0,-0.0,31.212837,0.111247875,0.98175067,1.0611409,1.0611409,0.0,0.91227245,0.94413,0.98175067,-0.031857558,-5.6,33.792324,21.11111,21.11111,2.0
0.0,31.078405,0.0,0.0,0.0,0.0,0.0,0.0,0.0,0.0,0.0,0.0,0.111248024,0.111248024,0.0,0.9995855,11.99906099795996,11.994087498770355,0.0,-0.0,0.0,-0.0,-0.0,31.078405,0.111248024,1.1370248,1.2332058,1.2332058,0.0,0.9278202,0.94288725,1.1370248,-0.015067038,-5.0,34.228416,21.11111,21.11111,2.0
0.0,31.235098,0.0,0.0,0.93317246,0.99823993,0.0,0.0,0.0,0.0,0.0,0.0,0.111247465,0.111247465,0.0,0.99958503,11.999055473898089,11.994076255402645,0.0,-0.0,0.0,-0.0,-0.0,31.235098,0.111247465,1.3899964,1.5004328,1.5004328,0.0,1.3774819,1.3782929,1.3899964,-0.00081100647,-5.55,34.153633,21.11111,21.11111,2.0
0.0,31.232264,0.0,0.0,0.0,0.0,0.0,0.0,0.0,0.0,0.0,0.0,0.11124761,0.11124761,0.0,0.99958456,11.999049949826645,11.994065012030632,0.0,-0.0,0.0,-0.0,-0.0,31.232264,0.11124761,1.4902439,1.6014916,1.6014916,0.0,1.4752407,1.4752407,1.4902439,-0.0,-6.7,34.322598,21.11111,21.11111,2.0
0.0,31.227753,0.0,0.0,0.0,0.0,0.0,0.0,0.0,0.0,0.0,0.0,0.111247756,0.111247756,0.0,0.99958414,11.999044425745259,11.994054483852729,0.0,-0.0,0.0,-0.0,-0.0,31.227753,0.111247756,1.3393956,1.4506434,1.4506434,0.0,1.3191396,1.3191396,1.3393956,-0.0,-6.1,34.41469,21.11111,21.11111,2.0
0.0,31.227928,0.0,0.0,0.9331725,0.99824,0.0,0.0,0.0,0.0,0.0,0.0,0.1112472,0.1112472,0.0,0.99958366,11.999038901689078,11.99404324050618,0.0,-0.0,0.0,-0.0,-0.0,31.227928,0.1112472,1.2651703,1.3764175,1.3764175,0.0,1.2451203,1.2451203,1.2651703,-0.0,-6.4,34.48815,21.11111,21.11111,2.0
0.0,31.201746,0.0,0.0,0.0,0.0,0.0,0.0,0.0,0.0,0.0,0.0,0.11124734,0.11124734,0.0,0.9995832,11.999033377623324,11.994031997155329,0.0,-0.0,0.0,-0.0,-0.0,31.201746,0.11124734,1.1473831,1.2586304,1.2586304,0.0,1.0968498,1.0968498,1.1473831,-0.0,-7.8,34.338993,21.11111,21.11111,2.0
0.0,31.236301,0.0,0.0,2.7995162,2.9947186,0.0,0.0,0.0,0.0,0.0,0.0,0.11124749,0.11124749,0.0,0.9995827,11.999027853547627,11.99402075379981,0.0,-0.0,0.0,-0.0,-0.0,31.236301,0.11124749,1.0700063,1.1812538,1.1812538,0.0,1.0597028,1.0597028,1.0700063,-0.0,-7.2,34.380962,21.11111,21.11111,2.0
0.0,31.206026,0.0,0.0,0.0,0.0,0.0,0.0,0.0,0.0,0.0,0.0,0.11124764,0.11124764,0.0,0.9995823,11.999022329461988,11.994010225637084,0.0,-0.0,0.0,-0.0,-0.0,31.206026,0.11124764,0.88493764,0.9961853,0.9961853,0.0,0.83938634,0.83938634,0.88493764,-0.0,-7.2,34.17764,21.11111,21.11111,2.0
0.0,31.207293,0.0,0.0,0.0,0.0,0.0,0.0,0.0,0.0,0.0,0.0,0.11124707,0.11124707,0.0,0.9995818,11.999016805401924,11.993998982307396,0.0,-0.0,0.0,-0.0,-0.0,31.207293,0.11124707,0.56145334,0.6727004,0.6727004,0.0,0.5173745,0.5173745,0.56145334,-0.0,-7.2,33.986916,21.11111,21.11111,2.0
0.0,31.233046,0.0,0.0,0.0,0.0,0.0,0.0,0.0,0.0,0.0,0.0,0.11124722,0.11124722,0.0,0.99958134,11.999011281331917,11.993987738973038,0.0,-0.0,0.0,-0.0,-0.0,31.233046,0.11124722,0.5409322,0.6521794,0.6521794,0.0,0.5268369,0.5268369,0.5409322,-0.0,-8.3,33.615437,20.351852,20.351852,2.0
0.0,31.235373,0.0,0.0,0.0,0.0,0.0,0.0,0.0,0.0,0.0,0.0,0.11124737,0.11124737,0.0,0.9995809,11.999005757251968,11.993977210830487,0.0,-0.0,0.0,-0.0,-0.0,31.235373,0.11124737,0.53927666,0.650524,0.650524,0.0,0.5278936,0.5278936,0.53927666,-0.0,-9.45,33.038708,20.0,20.0,2.0
0.0,31.197184,0.0,0.0,0.0,0.0,0.0,0.0,0.0,0.0,0.0,0.0,0.1112468,0.1112468,0.0,0.99958044,11.999000233197593,11.99396596752196,0.0,-0.0,0.0,-0.0,-0.0,31.197184,0.1112468,0.5156975,0.6269443,0.6269443,0.0,0.45985034,0.45985034,0.5156975,-0.0,-11.7,32.126987,20.0,20.0,2.0
0.0,31.233227,0.0,0.0,0.0,0.0,0.0,0.0,0.0,0.0,0.0,0.0,0.11124695,0.11124695,0.0,0.99957997,11.998994709133274,11.993954724208765,0.0,-0.0,0.0,-0.0,-0.0,31.233227,0.11124695,0.52984947,0.6410964,0.6410964,0.0,0.5159678,0.5159678,0.52984947,-0.0,-10.6,31.709286,20.0,20.0,2.0
0.0,31.230904,0.0,0.0,0.0,0.0,0.0,0.0,0.0,0.0,0.0,0.0,0.1112471,0.1112471,0.0,0.99957955,11.998989185059013,11.993944196086385,0.0,-0.0,0.0,-0.0,-0.0,31.230904,0.1112471,0.5977013,0.70894843,0.70894843,0.0,0.581115,0.581115,0.5977013,-0.0,-10.3,31.146282,20.0,20.0,2.0
0.0,31.204775,0.0,0.0,0.0,0.0,0.0,0.0,0.0,0.0,0.0,0.0,0.11124653,0.11124653,0.0,0.9995791,11.998983661010326,11.993932952799021,0.0,-0.0,0.0,-0.0,-0.0,31.204775,0.11124653,0.6750234,0.7862699,0.7862699,0.0,0.62801486,0.62801486,0.6750234,-0.0,-10.0,30.769321,20.0,20.0,2.0
0.0,31.237741,0.0,0.0,0.0,0.0,0.0,0.0,0.0,0.0,0.0,0.0,0.11124668,0.11124668,0.0,0.9995786,11.998978136951697,11.993921709506987,0.0,-0.0,0.0,-0.0,-0.0,31.237741,0.11124668,0.64671934,0.75796604,0.75796604,0.0,0.6380943,0.6380943,0.64671934,-0.0,-9.4,30.51513,20.601852,20.601852,2.0
0.0,31.203466,0.0,0.0,0.0,0.0,0.0,0.0,0.0,0.0,0.0,0.0,0.11124683,0.11124683,0.0,0.9995781,11.998972612883126,11.993910466210282,0.0,-0.0,0.0,-0.0,-0.0,31.203466,0.11124683,0.5307038,0.6419506,0.6419506,0.0,0.4821732,0.4821732,0.5307038,-0.0,-9.4,30.239372,21.11111,21.11111,2.0
0.0,31.240517,0.0,0.0,0.0,0.0,0.0,0.0,0.0,0.0,0.0,0.0,0.11124698,0.11124698,0.0,0.9995777,11.998967088804612,11.993899938103079,0.0,-0.0,0.0,-0.0,-0.0,31.240517,0.11124698,0.5316979,0.6391257,0.6391257,0.0,0.5224847,0.52630395,0.5316979,-0.003819247,-8.9,30.16505,20.157408,20.157408,2.0
0.0,31.231745,0.0,0.0,0.0,0.0,0.0,0.0,0.0,0.0,0.0,0.0,0.111246414,0.111246414,0.0,0.9995772,11.998961564751673,11.993888694832206,0.0,-0.0,0.0,-0.0,-0.0,31.231745,0.111246414,0.51190245,0.6071195,0.6071195,0.0,0.48026335,0.49629274,0.51190245,-0.016029375,-7.8,30.200756,21.11111,21.11111,2.0
0.0,31.232655,0.0,0.0,0.0,0.0,0.0,0.0,0.0,0.0,0.0,0.0,0.11124656,0.11124656,0.0,0.99957675,11.99895604068879,11.993877451556665,0.0,-0.0,0.0,-0.0,-0.0,31.232655,0.11124656,0.84643435,0.9303134,0.9303134,0.0,0.8045176,0.83188516,0.84643435,-0.02736754,-7.6,30.204315,21.11111,21.11111,2.0
0.0,31.229462,0.0,0.0,0.0,0.0,0.0,0.0,0.0,0.0,0.0,0.0,0.111246705,0.111246705,0.0,0.99957633,11.998950516616336,11.993866923470005,0.0,-0.0,0.0,-0.0,-0.0,31.229462,0.111246705,0.91398215,0.98616487,0.98616487,0.0,0.8566534,0.8957174,0.91398215,-0.039063964,-8.05,30.16219,21.11111,21.11111,2.0
0.0,31.21603,0.0,0.0,0.0,0.0,0.0,0.0,0.0,0.0,0.0,0.0,0.111246146,0.111246146,0.0,0.99957585,11.998944992569086,11.993855680220296,0.0,-0.0,0.0,-0.0,-0.0,31.21603,0.111246146,0.9419614,1.0209775,1.0209775,0.0,0.87582636,0.90805644,0.9419614,-0.032230064,-8.9,29.884296,21.11111,21.11111,2.0
0.0,31.216835,0.0,0.0,0.0,0.0,0.0,0.0,0.0,0.0,0.0,0.0,0.111246295,0.111246295,0.0,0.9995754,11.998939468511894,11.993844436965917,0.0,-0.0,0.0,-0.0,-0.0,31.216835,0.111246295,0.94116527,1.0248845,1.0248845,0.0,0.88067156,0.90819865,0.94116527,-0.027527085,-9.233334,29.717243,21.11111,21.11111,2.0
0.0,31.226654,0.0,0.0,0.9349896,1.0001838,0.0,0.0,0.0,0.0,0.0,0.0,0.11124644,0.11124644,0.0,0.99957496,11.99893394444513,11.993833908899433,0.0,-0.0,0.0,-0.0,-0.0,31.226654,0.11124644,0.9211599,1.0056069,1.0056069,0.0,0.87282646,0.8996259,0.9211599,-0.026799422,-9.3,29.66724,21.11111,21.11111,2.0
0.0,31.216116,0.0,0.0,0.0,0.0,0.0,0.0,0.0,0.0,0.0,0.0,0.11124588,0.11124588,0.0,0.9995745,11.998928420403569,11.993822665670885,0.0,-0.0,0.0,-0.0,-0.0,31.216116,0.11124588,1.0612863,1.1589633,1.1589633,0.0,1.0139116,1.0274805,1.0612863,-0.013568917,-9.233334,29.647224,21.11111,21.11111,2.0
0.0,31.006468,0.0,0.0,0.0,0.0,0.0,0.0,0.0,0.0,0.0,0.0,0.11124603,0.11124603,0.0,0.999574,11.998922896352067,11.993811422437668,0.0,-0.0,0.0,-0.0,-0.0,31.006468,0.11124603,1.3899964,1.5004101,1.5004101,0.0,1.111271,1.1121033,1.3899964,-0.00083229056,-8.7,29.70288,21.11111,21.11111,2.0
0.0,31.193916,0.0,0.0,1.8699791,2.0003676,0.0,0.0,0.0,0.0,0.0,0.0,0.11124617,0.11124617,0.0,0.9995735,11.998917372290991,11.99380017920015,0.0,-0.0,0.0,-0.0,-0.0,31.193916,0.11124617,1.4902439,1.60149,1.60149,0.0,1.4305935,1.4305935,1.4902439,-0.0,-8.3,29.950596,21.11111,21.11111,2.0
0.0,31.22098,0.0,0.0,0.0,0.0,0.0,0.0,0.0,0.0,0.0,0.0,0.11124632,0.11124632,0.0,0.9995731,11.998911848219974,11.993789651148841,0.0,-0.0,0.0,-0.0,-0.0,31.22098,0.11124632,1.3393956,1.450642,1.450642,0.0,1.3112546,1.3112546,1.3393956,-0.0,-7.1,30.250484,21.11111,21.11111,2.0
0.0,31.190416,0.0,0.0,0.0,0.0,0.0,0.0,0.0,0.0,0.0,0.0,0.11124576,0.11124576,0.0,0.99957263,11.99890632417416,11.993778407936786,0.0,-0.0,0.0,-0.0,-0.0,31.190416,0.11124576,1.2651703,1.3764161,1.3764161,0.0,1.2014458,1.2014458,1.2651703,-0.0,-7.0333333,30.479305,21.11111,21.11111,2.0
0.0,31.22932,0.0,0.0,0.0,0.0,0.0,0.0,0.0,0.0,0.0,0.0,0.1112459,0.1112459,0.0,0.99957216,11.998900800118774,11.993767164720431,0.0,-0.0,0.0,-0.0,-0.0,31.22932,0.1112459,1.1473831,1.258629,1.258629,0.0,1.1289543,1.1289543,1.1473831,-0.0,-6.7,30.788712,21.11111,21.11111,2.0
0.0,31.237991,0.0,0.0,2.7845807,2.9787416,0.0,0.0,0.0,0.0,0.0,0.0,0.11124605,0.11124605,0.0,0.99957174,11.998895276053444,11.993756636689294,0.0,-0.0,0.0,-0.0,-0.0,31.237991,0.11124605,1.0700063,1.1812522,1.1812522,0.0,1.061671,1.061671,1.0700063,-0.0,-6.7,30.986671,21.11111,21.11111,2.0
0.0,31.0563,0.0,0.0,0.0,0.0,0.0,0.0,0.0,0.0,0.0,0.0,0.11124549,0.11124549,0.0,0.99957126,11.99888975201332,11.9937453934984,0.0,-0.0,0.0,-0.0,-0.0,31.0563,0.11124549,0.88493764,0.99618316,0.99618316,0.0,0.6650623,0.6650623,0.88493764,-0.0,-7.4,30.955318,21.11111,21.11111,2.0
0.0,31.24029,0.0,0.0,0.0,0.0,0.0,0.0,0.0,0.0,0.0,0.0,0.11124563,0.11124563,0.0,0.9995708,11.998884227963622,11.993734150303206,0.0,-0.0,0.0,-0.0,-0.0,31.24029,0.11124563,0.56145334,0.672699,0.672699,0.0,0.55579233,0.55579233,0.56145334,-0.0,-10.0,30.726318,20.50926,20.50926,2.0
0.0,31.225864,0.0,0.0,0.0,0.0,0.0,0.0,0.0,0.0,0.0,0.0,0.11124578,0.11124578,0.0,0.99957037,11.998878703903982,11.993723622292245,0.0,-0.0,0.0,-0.0,-0.0,31.225864,0.11124578,0.5409322,0.65217793,0.65217793,0.0,0.5184789,0.5184789,0.5409322,-0.0,-11.133333,30.270107,20.0,20.0,2.0
0.0,31.204391,0.0,0.0,0.0,0.0,0.0,0.0,0.0,0.0,0.0,0.0,0.11124522,0.11124522,0.0,0.9995699,11.998873179869546,11.993712379122513,0.0,-0.0,0.0,-0.0,-0.0,31.204391,0.11124522,0.53927666,0.6505219,0.6505219,0.0,0.49182183,0.49182183,0.53927666,-0.0,-12.066667,29.827755,20.0,20.0,2.0
0.0,31.182354,0.0,0.0,0.0,0.0,0.0,0.0,0.0,0.0,0.0,0.0,0.111245364,0.111245364,0.0,0.9995694,11.998867655825538,11.99370113594848,0.0,-0.0,0.0,-0.0,-0.0,31.182354,0.111245364,0.5156975,0.6269429,0.6269429,0.0,0.44258502,0.44258502,0.5156975,-0.0,-13.05,29.286327,20.0,20.0,2.0
0.0,31.208622,0.0,0.0,0.0,0.0,0.0,0.0,0.0,0.0,0.0,0.0,0.11124551,0.11124551,0.0,0.999569,11.998862131771588,11.993690607957694,0.0,-0.0,0.0,-0.0,-0.0,31.208622,0.11124551,0.52984947,0.641095,0.641095,0.0,0.4873194,0.4873194,0.52984947,-0.0,-14.4,28.685284,20.0,20.0,2.0
0.0,31.22466,0.0,0.0,0.0,0.0,0.0,0.0,0.0,0.0,0.0,0.0,0.111244954,0.111244954,0.0,0.9995685,11.998856607742843,11.993679364809125,0.0,-0.0,0.0,-0.0,-0.0,31.22466,0.111244954,0.5977013,0.7089463,0.7089463,0.0,0.5738442,0.5738442,0.5977013,-0.0,-15.15,28.132553,20.0,20.0,2.0
0.0,31.207731,0.0,0.0,0.0,0.0,0.0,0.0,0.0,0.0,0.0,0.0,0.111245096,0.111245096,0.0,0.99956805,11.998851083704524,11.993668121656256,0.0,-0.0,0.0,-0.0,-0.0,31.207731,0.111245096,0.7507618,0.8620069,0.8620069,0.0,0.70719415,0.70719415,0.7507618,-0.0,-16.1,27.526573,20.0,20.0,2.0
0.0,31.237144,0.0,0.0,0.0,0.0,0.0,0.0,0.0,0.0,0.0,0.0,0.111245245,0.111245245,0.0,0.99956757,11.998845559656264,11.993656878498717,0.0,-0.0,0.0,-0.0,-0.0,31.237144,0.111245245,0.96045357,1.0716988,1.0716988,0.0,0.9511304,0.9511304,0.96045357,-0.0,-16.9,26.974545,20.601852,20.601852,2.0
0.0,31.222057,0.0,0.0,0.0,0.0,0.0,0.0,0.0,0.0,0.0,0.0,0.111245394,0.111245394,0.0,0.99956715,11.998840035598061,11.993646350523106,0.0,-0.0,0.0,-0.0,-0.0,31.222057,0.111245394,0.8602024,0.97144777,0.97144777,0.0,0.8333164,0.8333164,0.8602024,-0.0,-17.44,26.43473,21.11111,21.11111,2.0
0.0,31.22106,0.0,0.0,0.0,0.0,0.0,0.0,0.0,0.0,0.0,0.0,0.11124483,0.11124483,0.0,0.9995667,11.998834511565432,11.993635107391398,0.0,-0.0,0.0,-0.0,-0.0,31.22106,0.11124483,0.88138837,0.9874902,0.9874902,0.0,0.8481959,0.85333896,0.88138837,-0.0051430184,-18.3,26.006939,21.11111,21.11111,2.0
0.0,31.236475,0.0,0.0,0.0,0.0,0.0,0.0,0.0,0.0,0.0,0.0,0.11124498,0.11124498,0.0,0.9995662,11.998828987522861,11.99362386425502,0.0,-0.0,0.0,-0.0,-0.0,31.236475,0.11124498,0.8642967,0.9604386,0.9604386,0.0,0.8390923,0.85419536,0.8642967,-0.0151030505,-18.9,25.81704,21.11111,21.11111,2.0
0.0,31.231096,0.0,0.0,0.0,0.0,0.0,0.0,0.0,0.0,0.0,0.0,0.111245126,0.111245126,0.0,0.9995658,11.998823463470348,11.993613336299584,0.0,-0.0,0.0,-0.0,-0.0,31.231096,0.111245126,0.9221727,1.0093931,1.0093931,0.0,0.8817867,0.90581137,0.9221727,-0.024024667,-18.9,25.715603,21.11111,21.11111,2.0
0.0,31.17941,0.0,0.0,0.0,0.0,0.0,0.0,0.0,0.0,0.0,0.0,0.11124456,0.11124456,0.0,0.9995653,11.99881793944341,11.99360209318904,0.0,-0.0,0.0,-0.0,-0.0,31.17941,0.11124456,0.8533914,0.92796564,0.92796564,0.0,0.740183,0.7768533,0.8533914,-0.036670327,-18.9,25.579254,23.333334,23.333334,2.0
0.0,31.170395,0.0,0.0,0.0,0.0,0.0,0.0,0.0,0.0,0.0,0.0,0.11124471,0.11124471,0.0,0.9995648,11.998812415406528,11.993590850073824,0.0,-0.0,0.0,-0.0,-0.0,31.170395,0.11124471,0.86622304,0.9286275,0.9286275,0.0,0.7303467,0.77918696,0.86622304,-0.04884029,-18.3,25.53286,25.0,25.0,2.0
0.0,31.240036,0.0,0.0,0.0,0.0,0.0,0.0,0.0,0.0,0.0,0.0,0.11124486,0.11124486,0.0,0.9995644,11.998806891359703,11.99358032213856,0.0,-0.0,0.0,-0.0,-0.0,31.240036,0.11124486,0.86542684,0.9307635,0.9307635,0.0,0.8135639,0.8594721,0.86542684,-0.04590822,-18.3,25.604134,22.777779,22.777779,2.0
0.0,31.233057,0.0,0.0,0.0,0.0,0.0,0.0,0.0,0.0,0.0,0.0,0.11124429,0.11124429,0.0,0.99956393,11.998801367338453,11.993569079049177,0.0,-0.0,0.0,-0.0,-0.0,31.233057,0.11124429,0.9211599,0.997818,0.997818,0.0,0.8724936,0.9070798,0.9211599,-0.034586195,-18.225,25.672195,21.11111,21.11111,2.0
0.0,31.220451,0.0,0.0,0.0,0.0,0.0,0.0,0.0,0.0,0.0,0.0,0.11124444,0.11124444,0.0,0.99956346,11.99879584330726,11.993557835955123,0.0,-0.0,0.0,-0.0,-0.0,31.220451,0.11124444,0.65998393,0.7547012,0.7547012,0.0,0.61470157,0.63122874,0.65998393,-0.016527157,-18.18,25.642822,20.555555,20.555555,2.0
0.0,31.185623,0.0,0.0,2.8103085,3.0062633,0.0,0.0,0.0,0.0,0.0,0.0,0.11124459,0.11124459,0.0,0.999563,11.998790319266124,11.993546592856399,0.0,-0.0,0.0,-0.0,-0.0,31.185623,0.11124459,1.4657348,1.5759006,1.5759006,0.0,1.3953506,1.3964294,1.4657348,-0.0010787982,-18.3,25.43187,18.88889,18.88889,2.0
0.0,31.200571,0.0,0.0,0.0,0.0,0.0,0.0,0.0,0.0,0.0,0.0,0.11124474,0.11124474,0.0,0.99956256,11.998784795215046,11.993536064936311,0.0,-0.0,0.0,-0.0,-0.0,31.200571,0.11124474,1.4902439,1.6014886,1.6014886,0.0,1.4383411,1.4383411,1.4902439,-0.0,-18.6,25.086903,18.88889,18.88889,2.0
0.0,31.22795,0.0,0.0,0.0,0.0,0.0,0.0,0.0,0.0,0.0,0.0,0.11124417,0.11124417,0.0,0.9995621,11.998779271189543,11.993524821863419,0.0,-0.0,0.0,-0.0,-0.0,31.22795,0.11124417,1.3393956,1.4506398,1.4506398,0.0,1.3193685,1.3193685,1.3393956,-0.0,-18.9,24.820885,20.898148,20.898148,2.0
0.0,30.988401,0.0,0.0,0.0,0.0,0.0,0.0,0.0,0.0,0.0,0.0,0.11124432,0.11124432,0.0,0.9995616,11.998773747154097,11.993513578785857,0.0,-0.0,0.0,-0.0,-0.0,30.988401,0.11124432,1.2651703,1.3764147,1.3764147,0.0,0.966243,0.966243,1.2651703,-0.0,-18.9,24.610344,21.11111,21.11111,2.0
0.0,31.238848,0.0,0.0,1.8735471,2.0041842,0.0,0.0,0.0,0.0,0.0,0.0,0.11124447,0.11124447,0.0,0.9995612,11.998768223108708,11.993503050885943,0.0,-0.0,0.0,-0.0,-0.0,31.238848,0.11124447,1.1473831,1.2586275,1.2586275,0.0,1.1400436,1.1400436,1.1473831,-0.0,-18.9,24.664127,21.11111,21.11111,2.0
0.0,31.221764,0.0,0.0,5.798714,6.203042,0.0,0.0,0.0,0.0,0.0,0.0,0.1112439,0.1112439,0.0,0.9995607,11.998762699088894,11.993491807834214,0.0,-0.0,0.0,-0.0,-0.0,31.221764,0.1112439,1.0700063,1.1812501,1.1812501,0.0,1.0427768,1.0427768,1.0700063,-0.0,-18.75,24.585915,21.11111,21.11111,2.0
0.0,31.236677,0.0,0.0,0.0,0.0,0.0,0.0,0.0,0.0,0.0,0.0,0.11124405,0.11124405,0.0,0.99956024,11.998757175059138,11.993480564777814,0.0,-0.0,0.0,-0.0,-0.0,31.236677,0.11124405,0.57373434,0.68497837,0.68497837,0.0,0.5638695,0.5638695,0.57373434,-0.0,-18.6,24.575703,21.11111,21.11111,2.0
0.0,31.21873,0.0,0.0,0.0,0.0,0.0,0.0,0.0,0.0,0.0,0.0,0.1112442,0.1112442,0.0,0.9995598,11.99875165101944,11.993470036898076,0.0,-0.0,0.0,-0.0,-0.0,31.21873,0.1112442,0.56145334,0.67269754,0.67269754,0.0,0.5306916,0.5306916,0.56145334,-0.0,-19.4,24.353657,20.50926,20.50926,2.0
0.0,31.209505,0.0,0.0,0.0,0.0,0.0,0.0,0.0,0.0,0.0,0.0,0.111243635,0.111243635,0.0,0.99955934,11.998746127005315,11.993458793867507,0.0,-0.0,0.0,-0.0,-0.0,31.209505,0.111243635,0.5409322,0.6521758,0.6521758,0.0,0.49943206,0.49943206,0.5409322,-0.0,-20.0,24.021984,20.0,20.0,2.0
0.0,31.197416,0.0,0.0,0.0,0.0,0.0,0.0,0.0,0.0,0.0,0.0,0.111243784,0.111243784,0.0,0.99955887,11.998740602981249,11.99344755083227,0.0,-0.0,0.0,-0.0,-0.0,31.197416,0.111243784,0.53927666,0.65052044,0.65052044,0.0,0.48370034,0.48370034,0.53927666,-0.0,-20.0,23.883587,20.0,20.0,2.0
0.0,31.232903,0.0,0.0,0.0,0.0,0.0,0.0,0.0,0.0,0.0,0.0,0.11124393,0.11124393,0.0,0.9995584,11.99873507894724,11.993436307792363,0.0,-0.0,0.0,-0.0,-0.0,31.232903,0.11124393,0.5156975,0.62694144,0.62694144,0.0,0.50143814,0.50143814,0.5156975,-0.0,-20.6,23.620087,20.0,20.0,2.0
0.0,31.221546,0.0,0.0,0.0,0.0,0.0,0.0,0.0,0.0,0.0,0.0,0.111244075,0.111244075,0.0,0.999558,11.998729554903658,11.99342577992817,0.0,-0.0,0.0,-0.0,-0.0,31.221546,0.111244075,0.52984947,0.64109355,0.64109355,0.0,0.5023684,0.5023684,0.52984947,-0.0,-20.6,23.43303,20.0,20.0,2.0
0.0,31.238878,0.0,0.0,0.0,0.0,0.0,0.0,0.0,0.0,0.0,0.0,0.111243516,0.111243516,0.0,0.9995575,11.998724030885281,11.993414536914095,0.0,-0.0,0.0,-0.0,-0.0,31.238878,0.111243516,0.5977013,0.7089448,0.7089448,0.0,0.5904,0.5904,0.5977013,-0.0,-20.85,23.191132,20.0,20.0,2.0
0.0,31.179611,0.0,0.0,0.0,0.0,0.0,0.0,0.0,0.0,0.0,0.0,0.111243665,0.111243665,0.0,0.999557,11.998718506856962,11.99340329389535,0.0,-0.0,0.0,-0.0,-0.0,31.179611,0.111243665,0.6750234,0.78626704,0.78626704,0.0,0.598718,0.598718,0.6750234,-0.0,-21.4,22.92059,20.0,20.0,2.0
0.0,31.186214,0.0,0.0,0.0,0.0,0.0,0.0,0.0,0.0,0.0,0.0,0.11124381,0.11124381,0.0,0.9995566,11.99871298281907,11.99339276605133,0.0,-0.0,0.0,-0.0,-0.0,31.186214,0.11124381,0.64671934,0.7579631,0.7579631,0.0,0.57810056,0.57810056,0.64671934,-0.0,-21.8,22.700317,20.597221,20.597221,2.0
0.0,31.236263,0.0,0.0,0.0,0.0,0.0,0.0,0.0,0.0,0.0,0.0,0.11124325,0.11124325,0.0,0.9995561,11.998707458806383,11.993381523058417,0.0,-0.0,0.0,-0.0,-0.0,31.236263,0.11124325,0.5307038,0.64194703,0.64194703,0.0,0.5203583,0.5203583,0.5307038,-0.0,-21.7,22.58178,21.11111,21.11111,2.0
0.0,31.221338,0.0,0.0,0.0,0.0,0.0,0.0,0.0,0.0,0.0,0.0,0.1112434,0.1112434,0.0,0.99955565,11.998701934783753,11.993370280060835,0.0,-0.0,0.0,-0.0,-0.0,31.221338,0.1112434,0.5316979,0.637461,0.637461,0.0,0.4984924,0.5039727,0.5316979,-0.0054803337,-21.966667,22.45211,20.555555,20.555555,2.0
0.0,31.223282,0.0,0.0,0.0,0.0,0.0,0.0,0.0,0.0,0.0,0.0,0.11124354,0.11124354,0.0,0.99955523,11.99869641075155,11.993359752236989,0.0,-0.0,0.0,-0.0,-0.0,31.223282,0.11124354,0.51190245,0.6028319,0.6028319,0.0,0.46612525,0.48643935,0.51190245,-0.020314084,-21.7,22.531998,21.11111,21.11111,2.0
0.0,31.216307,0.0,0.0,0.0,0.0,0.0,0.0,0.0,0.0,0.0,0.0,0.11124298,0.11124298,0.0,0.99955475,11.998690886744553,11.993348509265239,0.0,-0.0,0.0,-0.0,-0.0,31.216307,0.11124298,0.4967457,0.58090854,0.58090854,0.0,0.43608478,0.46316496,0.4967457,-0.027080188,-21.27143,22.92696,21.11111,21.11111,2.0
0.0,31.13015,0.0,0.0,0.0,0.0,0.0,0.0,0.0,0.0,0.0,0.0,0.11124313,0.11124313,0.0,0.9995543,11.998685362727613,11.993337266288819,0.0,-0.0,0.0,-0.0,-0.0,31.13015,0.11124313,0.49297258,0.5657449,0.5657449,0.0,0.3206097,0.35908052,0.49297258,-0.03847084,-20.4,23.366425,21.11111,21.11111,2.0
0.0,31.20918,0.0,0.0,0.0,0.0,0.0,0.0,0.0,0.0,0.0,0.0,0.11124327,0.11124327,0.0,0.9995538,11.9986798387011,11.993326023308098,0.0,-0.0,0.0,-0.0,-0.0,31.20918,0.11124327,0.86622304,0.9306795,0.9306795,0.0,0.77755845,0.82434523,0.86622304,-0.04678679,-20.0,23.886784,24.444445,24.444445,2.0
0.0,31.159834,0.0,0.0,0.0,0.0,0.0,0.0,0.0,0.0,0.0,0.0,0.11124342,0.11124342,0.0,0.9995534,11.998674314664644,11.993315495499427,0.0,-0.0,0.0,-0.0,-0.0,31.159834,0.11124342,0.49403104,0.563234,0.563234,0.0,0.35265964,0.39470008,0.49403104,-0.04204044,-19.68,24.33398,22.222221,22.222221,2.0
0.0,31.236929,0.0,0.0,0.0,0.0,0.0,0.0,0.0,0.0,0.0,0.0,0.11124286,0.11124286,0.0,0.9995529,11.998668790653392,11.993304252544167,0.0,-0.0,0.0,-0.0,-0.0,31.236929,0.11124286,0.56176555,0.64252025,0.64252025,0.0,0.52170634,0.55219454,0.56176555,-0.030488206,-19.4,24.770504,21.11111,21.11111,2.0
0.0,31.213911,0.0,0.0,1.8770474,2.0079286,0.0,0.0,0.0,0.0,0.0,0.0,0.111243,0.111243,0.0,0.9995524,11.998663266632567,11.993293009584608,0.0,-0.0,0.0,-0.0,-0.0,31.213911,0.111243,1.0612863,1.1578023,1.1578023,0.0,1.0101862,1.0249132,1.0612863,-0.014726953,-18.9,25.074554,21.11111,21.11111,2.0
0.0,31.241236,0.0,0.0,0.0,0.0,0.0,0.0,0.0,0.0,0.0,0.0,0.11124315,0.11124315,0.0,0.999552,11.9986577426018,11.99328248179611,0.0,-0.0,0.0,-0.0,-0.0,31.241236,0.11124315,1.3899964,1.5002655,1.5002655,0.0,1.3844638,1.3854378,1.3899964,-0.0009740386,-19.15,25.015732,21.11111,21.11111,2.0
0.0,31.195887,0.0,0.0,0.0,0.0,0.0,0.0,0.0,0.0,0.0,0.0,0.11124259,0.11124259,0.0,0.99955153,11.998652218596238,11.993271238862013,0.0,-0.0,0.0,-0.0,-0.0,31.195887,0.11124259,0.9307391,1.0419817,1.0419817,0.0,0.8733813,0.8733813,0.9307391,-0.0,-20.0,24.821156,21.11111,21.11111,2.0
0.0,31.23124,0.0,0.0,0.0,0.0,0.0,0.0,0.0,0.0,0.0,0.0,0.111242734,0.111242734,0.0,0.99955106,11.998646694581103,11.993259995923616,0.0,-0.0,0.0,-0.0,-0.0,31.23124,0.111242734,0.7373477,0.84859043,0.84859043,0.0,0.7211505,0.7211505,0.7373477,-0.0,-20.6,24.745022,19.185184,19.185184,2.0
0.0,31.111546,0.0,0.0,0.0,0.0,0.0,0.0,0.0,0.0,0.0,0.0,0.11124288,0.11124288,0.0,0.99955064,11.998641170556025,11.993249468155293,0.0,-0.0,0.0,-0.0,-0.0,31.111546,0.11124288,0.71824616,0.82948905,0.82948905,0.0,0.5626905,0.5626905,0.71824616,-0.0,-20.3,24.688034,18.88889,18.88889,2.0
0.0,31.213894,0.0,0.0,0.0,0.0,0.0,0.0,0.0,0.0,0.0,0.0,0.111242324,0.111242324,0.0,0.99955016,11.998635646556153,11.993238225242356,0.0,-0.0,0.0,-0.0,-0.0,31.213894,0.111242324,0.6841701,0.7954124,0.7954124,0.0,0.6477779,0.6477779,0.6841701,-0.0,-21.1,24.576054,18.88889,18.88889,2.0
0.0,31.052217,0.0,0.0,0.0,0.0,0.0,0.0,0.0,0.0,0.0,0.0,0.111242466,0.111242466,0.0,0.9995497,11.998630122546707,11.99322698232512,0.0,-0.0,0.0,-0.0,-0.0,31.052217,0.111242466,0.672642,0.78388447,0.78388447,0.0,0.44801354,0.44801354,0.672642,-0.0,-22.2,24.217232,18.88889,18.88889,2.0
0.0,31.206608,0.0,0.0,0.0,0.0,0.0,0.0,0.0,0.0,0.0,0.0,0.111242615,0.111242615,0.0,0.99954927,11.99862459852732,11.993216454576972,0.0,-0.0,0.0,-0.0,-0.0,31.206608,0.111242615,0.57373434,0.68497694,0.68497694,0.0,0.5288582,0.5288582,0.57373434,-0.0,-23.3,23.93431,18.88889,18.88889,2.0
0.0,31.230274,0.0,0.0,0.0,0.0,0.0,0.0,0.0,0.0,0.0,0.0,0.111242056,0.111242056,0.0,0.9995488,11.998619074533137,11.993205211685199,0.0,-0.0,0.0,-0.0,-0.0,31.230274,0.111242056,0.56145334,0.6726954,0.6726954,0.0,0.5441346,0.5441346,0.56145334,-0.0,-26.1,23.155636,19.74074,19.74074,2.0
0.0,30.73723,0.0,0.0,0.0,0.0,0.0,0.0,0.0,0.0,0.0,0.0,0.1112422,0.1112422,0.0,0.9995483,11.998613550529381,11.993193968789127,0.0,-0.0,0.0,-0.0,-0.0,30.73723,0.1112422,0.5409322,0.65217435,0.65217435,0.0,-0.05042982,-0.05042982,0.5409322,-0.0,-27.2,22.281689,20.0,20.0,2.0
0.0,31.068724,0.0,0.0,0.0,0.0,0.0,0.0,0.0,0.0,0.0,0.0,0.11124235,0.11124235,0.0,0.99954784,11.998608026515683,11.993182725888383,0.0,-0.0,0.0,-0.0,-0.0,31.068724,0.11124235,0.53927666,0.650519,0.650519,0.0,0.33386666,0.33386666,0.53927666,-0.0,-26.65,22.186436,20.0,20.0,2.0
0.0,31.170162,0.0,0.0,0.0,0.0,0.0,0.0,0.0,0.0,0.0,0.0,0.111242495,0.111242495,0.0,0.9995474,11.998602502492043,11.99317219815541,0.0,-0.0,0.0,-0.0,-0.0,31.170162,0.111242495,0.5156975,0.62693995,0.62693995,0.0,0.42839047,0.42839047,0.5156975,-0.0,-27.2,21.703548,20.0,20.0,2.0
0.0,31.137064,0.0,0.0,0.0,0.0,0.0,0.0,0.0,0.0,0.0,0.0,0.11124193,0.11124193,0.0,0.99954695,11.998596978493977,11.993160955280498,0.0,-0.0,0.0,-0.0,-0.0,31.137064,0.11124193,0.52984947,0.6410914,0.6410914,0.0,0.40400645,0.40400645,0.52984947,-0.0,-27.8,21.250214,20.0,20.0,2.0
0.0,31.234789,0.0,0.0,0.0,0.0,0.0,0.0,0.0,0.0,0.0,0.0,0.11124208,0.11124208,0.0,0.99954647,11.998591454485968,11.993149712400918,0.0,-0.0,0.0,-0.0,-0.0,31.234789,0.11124208,0.5977013,0.70894337,0.70894337,0.0,0.58563924,0.58563924,0.5977013,-0.0,-27.65,20.999458,20.0,20.0,2.0
0.0,31.180895,0.0,0.0,0.0,0.0,0.0,0.0,0.0,0.0,0.0,0.0,0.11124223,0.11124223,0.0,0.99954605,11.998585930468018,11.993139184688118,0.0,-0.0,0.0,-0.0,-0.0,31.180895,0.11124223,0.6750234,0.7862656,0.7862656,0.0,0.60021335,0.60021335,0.6750234,-0.0,-28.3,20.596043,20.0,20.0,2.0
0.0,31.167435,0.0,0.0,0.0,0.0,0.0,0.0,0.0,0.0,0.0,0.0,0.11124166,0.11124166,0.0,0.9995456,11.998580406475641,11.99312794183437,0.0,-0.0,0.0,-0.0,-0.0,31.167435,0.11124166,0.64671934,0.757961,0.757961,0.0,0.5562347,0.5562347,0.64671934,-0.0,-28.3,20.361366,20.597221,20.597221,2.0
0.0,31.222961,0.0,0.0,0.0,0.0,0.0,0.0,0.0,0.0,0.0,0.0,0.11124181,0.11124181,0.0,0.9995247,11.998574882473322,11.992872110564512,0.0,-0.0,0.0,-0.0,-0.0,31.222961,0.11124181,0.8602024,0.9714442,0.9714442,0.0,0.83436924,0.83436924,0.8602024,-0.0,-27.9,20.255482,21.11111,21.11111,2.0
0.0,31.224709,0.0,0.0,0.0,0.0,0.0,0.0,0.0,0.0,0.0,0.0,0.111484386,0.111484386,0.0,0.99954396,11.99856934642271,11.993097577204892,0.0,-0.0,0.0,-0.0,-0.0,31.224709,0.111484386,0.88138837,0.9874227,0.9874227,0.0,0.8521384,0.85758847,0.88138837,-0.0054500517,-25.6,21.013855,19.916666,19.916666,2.0
0.0,31.238964,0.0,0.0,0.0,0.0,0.0,0.0,0.0,0.0,0.0,0.0,0.11124989,0.11124989,0.0,0.99954414,11.998563822014244,11.993094200826153,0.0,-0.0,0.0,-0.0,-0.0,31.238964,0.11124989,0.8642967,0.9648329,0.9648329,0.0,0.8463809,0.8570945,0.8642967,-0.010713611,-21.1,22.626247,18.88889,18.88889,2.0
0.0,31.1945,0.0,0.0,0.0,0.0,0.0,0.0,0.0,0.0,0.0,0.0,0.111242235,0.111242235,0.0,0.9995437,11.998558297983202,11.993083673124639,0.0,-0.0,0.0,-0.0,-0.0,31.1945,0.111242235,0.4967457,0.5872177,0.5872177,0.0,0.41700405,0.4377743,0.4967457,-0.020770257,-20.25,23.684109,18.88889,18.88889,2.0
0.0,31.22805,0.0,0.0,0.9402399,1.0058001,0.0,0.0,0.0,0.0,0.0,0.0,0.111241676,0.111241676,0.0,0.99954325,11.998552773977364,11.993072430283453,0.0,-0.0,0.0,-0.0,-0.0,31.22805,0.111241676,0.49297258,0.5656598,0.5656598,0.0,0.43450925,0.47306365,0.49297258,-0.038554415,-18.3,24.827118,20.398148,20.398148,2.0
0.0,31.158484,0.0,0.0,1.8804806,2.0116012,0.0,0.0,0.0,0.0,0.0,0.0,0.111241825,0.111241825,0.0,0.99954283,11.998547249961584,11.993061902606742,0.0,-0.0,0.0,-0.0,-0.0,31.158484,0.111241825,0.49403104,0.556063,0.556063,0.0,0.3439148,0.3931247,0.49403104,-0.04920988,-17.2,25.708324,21.11111,21.11111,2.0
0.0,31.218914,0.0,0.0,0.0,0.0,0.0,0.0,0.0,0.0,0.0,0.0,0.11124126,0.11124126,0.0,0.99954236,11.998541725971378,11.993050659791388,0.0,-0.0,0.0,-0.0,-0.0,31.218914,0.11124126,0.49403104,0.55862725,0.55862725,0.0,0.4168379,0.46348292,0.49403104,-0.04664503,-16.65,26.656826,21.11111,21.11111,2.0
0.0,31.218813,0.0,0.0,0.0,0.0,0.0,0.0,0.0,0.0,0.0,0.0,0.11124141,0.11124141,0.0,0.9995419,11.99853620197123,11.993039416971362,0.0,-0.0,0.0,-0.0,-0.0,31.218813,0.11124141,0.56176555,0.63769794,0.63769794,0.0,0.495794,0.531103,0.56176555,-0.03530902,-15.6,27.657455,21.11111,21.11111,2.0
0.0,31.216072,0.0,0.0,0.0,0.0,0.0,0.0,0.0,0.0,0.0,0.0,0.11124156,0.11124156,0.0,0.99954146,11.99853067796114,11.993028889314827,0.0,-0.0,0.0,-0.0,-0.0,31.216072,0.11124156,0.65998393,0.7544558,0.7544558,0.0,0.6093588,0.6261285,0.65998393,-0.016769718,-14.4,28.549805,20.12037,20.12037,2.0
0.0,31.186188,0.0,0.0,0.0,0.0,0.0,0.0,0.0,0.0,0.0,0.0,0.11124099,0.11124099,0.0,0.999541,11.998525153976624,11.993017646520633,0.0,-0.0,0.0,-0.0,-0.0,31.186188,0.11124099,0.93069667,1.0406998,1.0406998,0.0,0.86080956,0.86204743,0.93069667,-0.0012378455,-14.15,28.895634,18.88889,18.88889,2.0
0.0,31.223242,0.0,0.0,0.0,0.0,0.0,0.0,0.0,0.0,0.0,0.0,0.11124114,0.11124114,0.0,0.9995405,11.998519629982166,11.99300640372177,0.0,-0.0,0.0,-0.0,-0.0,31.223242,0.11124114,0.9307391,1.0419803,1.0419803,0.0,0.9052303,0.9052303,0.9307391,-0.0,-12.8,29.631706,22.125,22.125,2.0
0.0,30.98784,0.0,0.0,0.0,0.0,0.0,0.0,0.0,0.0,0.0,0.0,0.11124129,0.11124129,0.0,0.9995401,11.998514105977765,11.99299587608541,0.0,-0.0,0.0,-0.0,-0.0,30.98784,0.11124129,0.7373477,0.848589,0.848589,0.0,0.43776432,0.43776432,0.7373477,-0.0,-12.2,29.844936,22.222221,22.222221,2.0
0.0,31.19571,0.0,0.0,0.0,0.0,0.0,0.0,0.0,0.0,0.0,0.0,0.11124072,0.11124072,0.0,0.9995396,11.998508581998939,11.992984633312377,0.0,-0.0,0.0,-0.0,-0.0,31.19571,0.11124072,1.2651703,1.3764111,1.3764111,0.0,1.2076066,1.2076066,1.2651703,-0.0,-11.95,30.284676,22.222221,22.222221,2.0
0.0,31.187132,0.0,0.0,0.0,0.0,0.0,0.0,0.0,0.0,0.0,0.0,0.11124087,0.11124087,0.0,0.99953914,11.99850305801017,11.992973390534676,0.0,-0.0,0.0,-0.0,-0.0,31.187132,0.11124087,0.6841701,0.795411,0.795411,0.0,0.61661947,0.61661947,0.6841701,-0.0,-11.1,30.550236,22.222221,22.222221,2.0
0.0,31.224884,0.0,0.0,0.0,0.0,0.0,0.0,0.0,0.0,0.0,0.0,0.11124102,0.11124102,0.0,0.99953866,11.99849753401146,11.992962147752307,0.0,-0.0,0.0,-0.0,-0.0,31.224884,0.11124102,1.0700063,1.1812472,1.1812472,0.0,1.0464085,1.0464085,1.0700063,-0.0,-11.1,30.871975,22.222221,22.222221,2.0
0.0,31.189112,0.0,0.0,0.0,0.0,0.0,0.0,0.0,0.0,0.0,0.0,0.11124116,0.11124116,0.0,0.99953824,11.998492010003176,11.992951620131489,0.0,-0.0,0.0,-0.0,-0.0,31.189112,0.11124116,0.57373434,0.6849755,0.6849755,0.0,0.50848776,0.50848776,0.57373434,-0.0,-11.1,30.89669,21.893518,21.893518,2.0
0.0,31.222836,0.0,0.0,0.0,0.0,0.0,0.0,0.0,0.0,0.0,0.0,0.1112406,0.1112406,0.0,0.99953777,11.998486486020097,11.99294037737495,0.0,-0.0,0.0,-0.0,-0.0,31.222836,0.1112406,0.56145334,0.67269397,0.67269397,0.0,0.53547144,0.53547144,0.56145334,-0.0,-10.825,30.979286,20.50926,20.50926,2.0
0.0,31.139227,0.0,0.0,0.0,0.0,0.0,0.0,0.0,0.0,0.0,0.0,0.11124075,0.11124075,0.0,0.9995373,11.998480962027076,11.992929134613743,0.0,-0.0,0.0,-0.0,-0.0,31.139227,0.11124075,0.5409322,0.6521729,0.6521729,0.0,0.41760683,0.41760683,0.5409322,-0.0,-10.0,31.142231,20.0,20.0,2.0
